,Genus_Species,Latitude,Longitude
1,Abronia_villosa,35.23458306,-114.1970139
2,Acmispon_maritimus,35.23819694,-114.201205
3,Acmispon_maritimus,35.23828611,-114.20129
4,Acmispon_maritimus,35.238435,-114.2014131
5,Acmispon_maritimus,35.23847083,-114.2016969
6,Acmispon_maritimus,35.23854611,-114.2018681
7,Acmispon_maritimus,35.23862389,-114.2020069
8,Acmispon_maritimus,35.23870389,-114.2013139
9,Acmispon_maritimus,35.23871389,-114.2010803
10,Acmispon_maritimus,35.23875889,-114.201355
11,Acmispon_maritimus,35.23885194,-114.2014431
12,Acmispon_maritimus,35.238885,-114.2014742
13,Acmispon_maritimus,35.23891889,-114.2014919
14,Ambrosia_dumosa,35.231777,-115.79363
15,Ambrosia_dumosa,35.231849,-115.794288
16,Ambrosia_dumosa,35.231872,-115.796144
17,Ambrosia_dumosa,35.231875,-115.796429
18,Ambrosia_dumosa,35.231887,-115.796097
19,Ambrosia_dumosa,35.231922,-115.795846
20,Ambrosia_dumosa,35.231959,-115.794649
21,Ambrosia_dumosa,35.231962,-115.793824
22,Ambrosia_dumosa,35.23198,-115.796373
23,Ambrosia_dumosa,35.23198,-115.794192
24,Ambrosia_dumosa,35.231985,-115.794073
25,Ambrosia_dumosa,35.232066,-115.79398
26,Ambrosia_dumosa,35.232085,-115.793802
27,Ambrosia_dumosa,35.232089,-115.793949
28,Ambrosia_dumosa,35.232096,-115.796387
29,Ambrosia_dumosa,35.232097,-115.796396
30,Ambrosia_dumosa,35.232118,-115.795822
31,Ambrosia_dumosa,35.232126,-115.795973
32,Ambrosia_dumosa,35.232138,-115.796674
33,Ambrosia_dumosa,35.232161,-115.793744
34,Ambrosia_dumosa,35.232171,-115.795969
35,Ambrosia_dumosa,35.232195,-115.796671
36,Ambrosia_dumosa,35.232208,-115.793937
37,Ambrosia_dumosa,35.232232,-115.796751
38,Ambrosia_dumosa,35.232249,-115.794328
39,Ambrosia_dumosa,35.23225,-115.796519
40,Ambrosia_dumosa,35.232252,-115.793815
41,Ambrosia_dumosa,35.232264,-115.793696
42,Ambrosia_dumosa,35.232287,-115.79409
43,Ambrosia_dumosa,35.23238,-115.793578
44,Ambrosia_dumosa,35.232405,-115.79462
45,Ambrosia_dumosa,35.232436,-115.795725
46,Ambrosia_dumosa,35.232442,-115.796627
47,Ambrosia_dumosa,35.232451,-115.794508
48,Ambrosia_dumosa,35.232467,-115.796035
49,Ambrosia_dumosa,35.232474,-115.796629
50,Ambrosia_dumosa,35.232483,-115.795745
51,Ambrosia_dumosa,35.232484,-115.796482
52,Ambrosia_dumosa,35.23249,-115.794145
53,Ambrosia_dumosa,35.232519,-115.79577
54,Ambrosia_dumosa,35.232551,-115.795772
55,Ambrosia_dumosa,35.232678,-115.794322
56,Ambrosia_dumosa,35.235385,-115.801957
57,Ambrosia_dumosa,35.235432,-115.802343
58,Ambrosia_dumosa,35.235589,-115.801687
59,Ambrosia_dumosa,35.235764,-115.802322
60,Ambrosia_dumosa,35.235767,-115.802327
61,Ambrosia_dumosa,35.235776,-115.802389
62,Ambrosia_dumosa,35.236031,-115.801415
63,Ambrosia_dumosa,35.236036,-115.801601
64,Ambrosia_dumosa,35.23605,-115.801499
65,Ambrosia_dumosa,35.236116,-115.802328
66,Ambrosia_dumosa,35.23453472,-114.1960733
67,Ambrosia_dumosa,35.23456111,-114.1969069
68,Ambrosia_dumosa,35.23469306,-114.196855
69,Ambrosia_dumosa,35.234705,-114.1969
70,Ambrosia_dumosa,35.23516389,-114.1967008
71,Ambrosia_dumosa,35.23516611,-114.1966719
72,Ambrosia_dumosa,35.235175,-114.1967531
73,Ambrosia_dumosa,35.23576083,-114.2012369
74,Ambrosia_dumosa,35.23576111,-114.2009931
75,Ambrosia_dumosa,35.23579194,-114.2009939
76,Ambrosia_dumosa,35.23585,-114.2010181
77,Ambrosia_dumosa,35.23588,-114.2011439
78,Ambrosia_dumosa,35.23590194,-114.2011581
79,Ambrosia_dumosa,35.23593194,-114.200925
80,Ambrosia_dumosa,35.23593694,-114.2010419
81,Ambrosia_dumosa,35.23598028,-114.2009461
82,Ambrosia_dumosa,35.23621694,-114.1967039
83,Ambrosia_dumosa,35.23862389,-114.2020069
84,Amsinckia_tessellata,35.23448194,-114.1956092
85,Amsinckia_tessellata,35.238645,-114.2019219
86,Anemopsis,35.232241,-115.794642
87,Anemopsis_californica,35.23457194,-114.1954181
88,Anemopsis_californica,35.23459528,-114.1954258
89,Anemopsis_californica,35.23460806,-114.1954358
90,Anemopsis_californica,35.234625,-114.1954411
91,Anemopsis_californica,35.23465,-114.1954581
92,Anemopsis_californica,35.23597694,-114.1965619
93,Anemopsis_californica,35.23738111,-114.1991908
94,Anemopsis_californica,35.23740889,-114.1993211
95,Anemopsis_californica,35.23743194,-114.199305
96,Anemopsis_californica,35.23744806,-114.1994481
97,Astragalus_mohavensis,35.23564389,-114.2012369
98,Astragalus_mohavensis,35.23585,-114.2010181
99,Astragalus_nuttallianus,35.23458417,-114.1969981
100,Astragalus_nuttallianus,35.23524194,-114.1967381
101,Astragalus_nuttallianus,35.23543806,-114.1968039
102,Astragalus_nuttallianus,35.23585,-114.2010181
103,Atriplex_canescens,35.23218,-115.796522
104,Atriplex_canescens,35.232328,-115.796705
105,Atriplex_canescens,35.232347,-115.795998
106,Atriplex_canescens,35.23235,-115.796296
107,Atriplex_canescens,35.23238,-115.796016
108,Atriplex_canescens,35.232387,-115.796661
109,Atriplex_canescens,35.232414,-115.796297
110,Atriplex_canescens,35.232424,-115.796284
111,Atriplex_canescens,35.232474,-115.796629
112,Atriplex_canescens,35.232498,-115.795736
113,Atriplex_canescens,35.232501,-115.796626
114,Atriplex_canescens,35.232514,-115.796617
115,Atriplex_canescens,35.232539,-115.79659
116,Atriplex_canescens,35.232573,-115.796476
117,Atriplex_canescens,35.232588,-115.796474
118,Baccharis_salicina,35.23175,-115.796447
119,Baccharis_salicina,35.231778,-115.796885
120,Baccharis_salicina,35.23179,-115.794359
121,Baccharis_salicina,35.231802,-115.796869
122,Baccharis_salicina,35.231834,-115.796805
123,Baccharis_salicina,35.231842,-115.796886
124,Baccharis_salicina,35.231858,-115.796779
125,Baccharis_salicina,35.231863,-115.796896
126,Baccharis_salicina,35.231876,-115.796793
127,Baccharis_salicina,35.231904,-115.796896
128,Baccharis_salicina,35.231931,-115.796745
129,Baccharis_salicina,35.231945,-115.796917
130,Baccharis_salicina,35.232097,-115.796396
131,Baccharis_salicina,35.232126,-115.795973
132,Baccharis_salicina,35.232166,-115.79639
133,Baccharis_salicina,35.232167,-115.794533
134,Baccharis_salicina,35.232173,-115.796108
135,Baccharis_salicina,35.232174,-115.794163
136,Baccharis_salicina,35.232177,-115.794264
137,Baccharis_salicina,35.23218,-115.796522
138,Baccharis_salicina,35.232186,-115.796399
139,Baccharis_salicina,35.232206,-115.79626
140,Baccharis_salicina,35.232241,-115.794642
141,Baccharis_salicina,35.232249,-115.795995
142,Baccharis_salicina,35.232252,-115.793815
143,Baccharis_salicina,35.232256,-115.795773
144,Baccharis_salicina,35.232301,-115.796316
145,Baccharis_salicina,35.232462,-115.794398
146,Baccharis_salicina,35.232551,-115.79467
147,Baccharis_salicina,35.23441611,-114.196225
148,Baccharis_salicina,35.23444389,-114.1960519
149,Baccharis_salicina,35.23446389,-114.1960189
150,Baccharis_salicina,35.23447806,-114.196435
151,Baccharis_salicina,35.23449583,-114.1964389
152,Baccharis_salicina,35.23541,-114.2012081
153,Baccharis_salicina,35.23570694,-114.20106
154,Baccharis_salicina,35.23576111,-114.2009931
155,Baccharis_salicina,35.23579194,-114.2009939
156,Baccharis_salicina,35.23580694,-114.2012081
157,Baccharis_salicina,35.23584194,-114.2009481
158,Baccharis_salicina,35.23597694,-114.1965619
159,Baccharis_salicina,35.23605417,-114.1967908
160,Baccharis_salicina,35.23608111,-114.19677
161,Baccharis_salicina,35.23614806,-114.1968139
162,Baccharis_salicina,35.23620111,-114.1969569
163,Baccharis_salicina,35.23620194,-114.1970008
164,Baccharis_salicina,35.23625472,-114.2026594
165,Baccharis_salicina,35.23626444,-114.2025717
166,Baccharis_salicina,35.23672694,-114.202865
167,Baccharis_salicina,35.236735,-114.2028531
168,Baccharis_salicina,35.23725806,-114.1992681
169,Baccharis_salicina,35.23744806,-114.1994481
170,Baccharis_salicina,35.23751806,-114.1997511
171,Baccharis_salicina,35.23752417,-114.1994361
172,Baccharis_salicina,35.23754389,-114.1997531
173,Baccharis_salicina,35.237555,-114.1994519
174,Baccharis_salicina,35.23758611,-114.1994692
175,Bromus_madritensis,35.231774,-115.79363
176,Bromus_madritensis,35.231777,-115.79363
177,Bromus_madritensis,35.231807,-115.794631
178,Bromus_madritensis,35.231849,-115.794288
179,Bromus_madritensis,35.231857,-115.793867
180,Bromus_madritensis,35.231876,-115.793743
181,Bromus_madritensis,35.231878,-115.794204
182,Bromus_madritensis,35.231882,-115.793606
183,Bromus_madritensis,35.231888,-115.794421
184,Bromus_madritensis,35.231957,-115.79388
185,Bromus_madritensis,35.231957,-115.793747
186,Bromus_madritensis,35.231962,-115.793824
187,Bromus_madritensis,35.231969,-115.794027
188,Bromus_madritensis,35.23198,-115.794417
189,Bromus_madritensis,35.23198,-115.794192
190,Bromus_madritensis,35.231984,-115.794259
191,Bromus_madritensis,35.231985,-115.794073
192,Bromus_madritensis,35.231998,-115.793594
193,Bromus_madritensis,35.232024,-115.794445
194,Bromus_madritensis,35.232037,-115.794113
195,Bromus_madritensis,35.232051,-115.794649
196,Bromus_madritensis,35.23206,-115.794528
197,Bromus_madritensis,35.232064,-115.794262
198,Bromus_madritensis,35.232079,-115.794285
199,Bromus_madritensis,35.232085,-115.793802
200,Bromus_madritensis,35.23175,-115.796447
201,Bromus_madritensis,35.231778,-115.796885
202,Bromus_madritensis,35.231802,-115.796869
203,Bromus_madritensis,35.231859,-115.795887
204,Bromus_madritensis,35.231863,-115.796896
205,Bromus_madritensis,35.231895,-115.795865
206,Bromus_madritensis,35.231904,-115.796896
207,Bromus_madritensis,35.23192,-115.79612
208,Bromus_madritensis,35.231936,-115.795836
209,Bromus_madritensis,35.231954,-115.796703
210,Bromus_madritensis,35.231975,-115.796132
211,Bromus_madritensis,35.231985,-115.796931
212,Bromus_madritensis,35.231997,-115.796112
213,Bromus_madritensis,35.232026,-115.795808
214,Bromus_madritensis,35.232065,-115.795825
215,Bromus_madritensis,35.232067,-115.796369
216,Bromus_madritensis,35.232077,-115.796689
217,Bromus_madritensis,35.232096,-115.796387
218,Bromus_madritensis,35.232097,-115.796396
219,Bromus_madritensis,35.232105,-115.796126
220,Bromus_madritensis,35.232126,-115.795973
221,Bromus_madritensis,35.232138,-115.796674
222,Bromus_madritensis,35.232145,-115.796246
223,Bromus_madritensis,35.232159,-115.796516
224,Bromus_madritensis,35.232166,-115.79639
225,Bromus_madritensis,35.232171,-115.795969
226,Bromus_madritensis,35.232173,-115.796108
227,Bromus_madritensis,35.23218,-115.796522
228,Bromus_madritensis,35.232185,-115.796263
229,Bromus_madritensis,35.232186,-115.796399
230,Bromus_madritensis,35.23219,-115.796098
231,Bromus_madritensis,35.232195,-115.796671
232,Bromus_madritensis,35.232203,-115.795752
233,Bromus_madritensis,35.232218,-115.795991
234,Bromus_madritensis,35.232249,-115.795995
235,Bromus_madritensis,35.232256,-115.795773
236,Bromus_madritensis,35.232268,-115.796719
237,Bromus_madritensis,35.232295,-115.795991
238,Bromus_madritensis,35.2323,-115.795783
239,Bromus_madritensis,35.232302,-115.796511
240,Bromus_madritensis,35.232328,-115.796705
241,Bromus_madritensis,35.232347,-115.795998
242,Bromus_madritensis,35.23235,-115.796296
243,Bromus_madritensis,35.232352,-115.796493
244,Bromus_madritensis,35.232356,-115.795756
245,Bromus_madritensis,35.232387,-115.796661
246,Bromus_madritensis,35.232412,-115.796507
247,Bromus_madritensis,35.232414,-115.796297
248,Bromus_madritensis,35.232423,-115.796029
249,Bromus_madritensis,35.232436,-115.795725
250,Bromus_madritensis,35.232439,-115.796303
251,Bromus_madritensis,35.232467,-115.796035
252,Bromus_madritensis,35.232474,-115.796629
253,Bromus_madritensis,35.232483,-115.795745
254,Bromus_madritensis,35.232484,-115.796482
255,Bromus_madritensis,35.232498,-115.795736
256,Bromus_madritensis,35.232501,-115.796626
257,Bromus_madritensis,35.232514,-115.796617
258,Bromus_madritensis,35.232519,-115.79577
259,Bromus_madritensis,35.232539,-115.79659
260,Bromus_madritensis,35.232551,-115.795772
261,Bromus_madritensis,35.232562,-115.796628
262,Bromus_madritensis,35.232573,-115.796476
263,Bromus_madritensis,35.232588,-115.796474
264,Bromus_madritensis,35.23442917,-114.1963419
265,Bromus_madritensis,35.23444306,-114.1961981
266,Bromus_madritensis,35.234495,-114.1961919
267,Bromus_madritensis,35.234495,-114.1961919
268,Bromus_madritensis,35.23451389,-114.1960731
269,Bromus_madritensis,35.23451389,-114.1960631
270,Bromus_madritensis,35.23453389,-114.1964339
271,Bromus_madritensis,35.23453472,-114.1960733
272,Bromus_madritensis,35.23456,-114.1967939
273,Bromus_madritensis,35.23457194,-114.1954181
274,Bromus_madritensis,35.23458306,-114.1970139
275,Bromus_madritensis,35.23458417,-114.1969981
276,Bromus_madritensis,35.23458611,-114.1970808
277,Bromus_madritensis,35.23460306,-114.1967461
278,Bromus_madritensis,35.23462,-114.1969211
279,Bromus_madritensis,35.23462,-114.1967919
280,Bromus_madritensis,35.234625,-114.1954411
281,Bromus_madritensis,35.23463194,-114.1968819
282,Bromus_madritensis,35.23464694,-114.1970019
283,Bromus_madritensis,35.23464889,-114.1954714
284,Bromus_madritensis,35.23465,-114.1954581
285,Bromus_madritensis,35.23465806,-114.1970411
286,Bromus_madritensis,35.23466389,-114.1970661
287,Bromus_madritensis,35.23468,-114.1967631
288,Bromus_madritensis,35.234685,-114.1955089
289,Bromus_madritensis,35.23469306,-114.196855
290,Bromus_madritensis,35.234705,-114.1969
291,Bromus_madritensis,35.23471083,-114.195495
292,Bromus_madritensis,35.23472,-114.1955161
293,Bromus_madritensis,35.23472889,-114.1969561
294,Bromus_madritensis,35.23473611,-114.1970389
295,Bromus_madritensis,35.23474194,-114.1970031
296,Bromus_madritensis,35.23474389,-114.1971042
297,Bromus_madritensis,35.23474889,-114.1971719
298,Bromus_madritensis,35.23506806,-114.1968019
299,Bromus_madritensis,35.23513611,-114.1965961
300,Bromus_madritensis,35.23516611,-114.1966719
301,Bromus_madritensis,35.23519194,-114.1965831
302,Bromus_madritensis,35.235205,-114.1966231
303,Bromus_madritensis,35.23520889,-114.1966581
304,Bromus_madritensis,35.23523194,-114.1968281
305,Bromus_madritensis,35.23524194,-114.1967381
306,Bromus_madritensis,35.23532194,-114.1965989
307,Bromus_madritensis,35.23535694,-114.1966781
308,Bromus_madritensis,35.23541694,-114.1981019
309,Bromus_madritensis,35.23541694,-114.1967781
310,Bromus_madritensis,35.23543806,-114.1968039
311,Bromus_madritensis,35.23544889,-114.1968519
312,Bromus_madritensis,35.23545194,-114.1980789
313,Bromus_madritensis,35.23549306,-114.1980981
314,Bromus_madritensis,35.23553583,-114.19658
315,Bromus_madritensis,35.235545,-114.1965189
316,Bromus_madritensis,35.2355675,-114.196495
317,Bromus_madritensis,35.23557306,-114.1967789
318,Bromus_madritensis,35.235585,-114.1965389
319,Bromus_madritensis,35.23560306,-114.1980431
320,Bromus_madritensis,35.23561111,-114.1964839
321,Bromus_madritensis,35.23561806,-114.1965
322,Bromus_madritensis,35.23562,-114.1980311
323,Bromus_madritensis,35.23563611,-114.1968419
324,Bromus_madritensis,35.23564389,-114.19651
325,Bromus_madritensis,35.23564583,-114.19649
326,Bromus_madritensis,35.23566,-114.1966419
327,Bromus_madritensis,35.23567389,-114.1968639
328,Bromus_madritensis,35.235675,-114.1977569
329,Bromus_madritensis,35.23568306,-114.1965389
330,Bromus_madritensis,35.23569417,-114.1966881
331,Bromus_madritensis,35.23571,-114.1964731
332,Bromus_madritensis,35.235715,-114.1980261
333,Bromus_madritensis,35.23571583,-114.1982281
334,Bromus_madritensis,35.23574306,-114.1965681
335,Bromus_madritensis,35.23574806,-114.1977281
336,Bromus_madritensis,35.23576694,-114.1982439
337,Bromus_madritensis,35.23576889,-114.1970119
338,Bromus_madritensis,35.23577111,-114.1969089
339,Bromus_madritensis,35.23577611,-114.1979758
340,Bromus_madritensis,35.23577889,-114.1964869
341,Bromus_madritensis,35.23577917,-114.1964989
342,Bromus_madritensis,35.2358,-114.196545
343,Bromus_madritensis,35.23580111,-114.1978481
344,Bromus_madritensis,35.23580111,-114.1965861
345,Bromus_madritensis,35.23580694,-114.1969381
346,Bromus_madritensis,35.23582194,-114.1979919
347,Bromus_madritensis,35.23582194,-114.1978469
348,Bromus_madritensis,35.23582306,-114.1978511
349,Bromus_madritensis,35.23582306,-114.1966261
350,Bromus_madritensis,35.23582611,-114.1965939
351,Bromus_madritensis,35.23584306,-114.1971508
352,Bromus_madritensis,35.23584389,-114.1970911
353,Bromus_madritensis,35.23585389,-114.1965869
354,Bromus_madritensis,35.23586194,-114.1968558
355,Bromus_madritensis,35.235885,-114.1965119
356,Bromus_madritensis,35.235925,-114.1965519
357,Bromus_madritensis,35.23594389,-114.1978361
358,Bromus_madritensis,35.235955,-114.196825
359,Bromus_madritensis,35.236,-114.1978631
360,Bromus_madritensis,35.23605417,-114.1967908
361,Bromus_madritensis,35.23608806,-114.1979242
362,Bromus_madritensis,35.23609389,-114.1968831
363,Bromus_madritensis,35.23612,-114.19659
364,Bromus_madritensis,35.23615694,-114.1966661
365,Bromus_madritensis,35.23616806,-114.1970739
366,Bromus_madritensis,35.23617806,-114.1969989
367,Bromus_madritensis,35.23617806,-114.1969989
368,Bromus_madritensis,35.23620194,-114.1970008
369,Bromus_madritensis,35.23626444,-114.2025717
370,Bromus_madritensis,35.236735,-114.2028531
371,Bromus_madritensis,35.23686389,-114.2029761
372,Bromus_madritensis,35.23690389,-114.2029161
373,Bromus_madritensis,35.23708,-114.2027469
374,Bromus_madritensis,35.23710111,-114.2029492
375,Bromus_madritensis,35.23719806,-114.1993192
376,Bromus_madritensis,35.23723,-114.1994231
377,Bromus_madritensis,35.23724111,-114.1993031
378,Bromus_madritensis,35.23724417,-114.1992681
379,Bromus_madritensis,35.237255,-114.1992531
380,Bromus_madritensis,35.23725806,-114.1992681
381,Bromus_madritensis,35.23726111,-114.1994189
382,Bromus_madritensis,35.23726194,-114.1994231
383,Bromus_madritensis,35.23728111,-114.1994039
384,Bromus_madritensis,35.23728194,-114.1992739
385,Bromus_madritensis,35.23728194,-114.1992419
386,Bromus_madritensis,35.23731194,-114.1993869
387,Bromus_madritensis,35.23731194,-114.19922
388,Bromus_madritensis,35.23735,-114.19935
389,Bromus_madritensis,35.23735694,-114.19936
390,Bromus_madritensis,35.23738806,-114.1993369
391,Bromus_madritensis,35.23756306,-114.1997619
392,Bromus_madritensis,35.23761389,-114.1997958
393,Bromus_madritensis,35.23762694,-114.1998219
394,Bromus_madritensis,35.23842806,-114.2016608
395,Bromus_madritensis,35.23844111,-114.2015811
396,Bromus_madritensis,35.238525,-114.20171
397,Bromus_madritensis,35.23853111,-114.2017489
398,Bromus_madritensis,35.23853694,-114.2016939
399,Bromus_madritensis,35.23855111,-114.2009561
400,Bromus_madritensis,35.23861,-114.2018981
401,Bromus_madritensis,35.23863389,-114.2013669
402,Bromus_madritensis,35.238675,-114.20192
403,Bromus_madritensis,35.23870111,-114.2011419
404,Bromus_madritensis,35.238715,-114.2011361
405,Bromus_madritensis,35.23876,-114.2012019
406,Bromus_madritensis,35.23878,-114.2011911
407,Camissonia_boothii,35.23456889,-114.1956661
408,Castilleja_angustifolia,35.23731194,-114.19922
409,Chaenactis_fremontii,35.23588,-114.2011439
410,Chaenactis_stevioides,35.23867306,-114.2010381
411,Chorizanthe_rigida,35.235588,-115.801555
412,Chorizanthe_rigida,35.235608,-115.801381
413,Chorizanthe_rigida,35.235776,-115.802389
414,Chorizanthe_rigida,35.236034,-115.801695
415,Chorizanthe_rigida,35.236039,-115.80184
416,Chorizanthe_rigida,35.236039,-115.80184
417,Chorizanthe_rigida,35.236039,-115.801703
418,Chorizanthe_rigida,35.236052,-115.801773
419,Chrysothamnus_viscidiflorus,35.235585,-114.1965389
420,Chrysothamnus_viscidiflorus,35.23570806,-114.2009631
421,Chrysothamnus_viscidiflorus,35.23584,-114.2010769
422,Chrysothamnus_viscidiflorus,35.235955,-114.196825
423,Chrysothamnus_viscidiflorus,35.23726111,-114.1994189
424,Peritoma_arborea,35.23447889,-114.19636
425,Peritoma_arborea,35.23450389,-114.1954539
426,Peritoma_arborea,35.234555,-114.1954689
427,Peritoma_arborea,35.23455806,-114.19561
428,Peritoma_arborea,35.23557917,-114.2010889
429,Peritoma_arborea,35.23560306,-114.1980431
430,Peritoma_arborea,35.23568889,-114.2011689
431,Peritoma_arborea,35.23577889,-114.1964869
432,Peritoma_arborea,35.23591417,-114.1981189
433,Peritoma_arborea,35.23596194,-114.1981469
434,Peritoma_arborea,35.23610806,-114.1981219
435,Peritoma_arborea,35.23616694,-114.1981169
436,Peritoma_arborea,35.236735,-114.2028531
437,Peritoma_arborea,35.23677,-114.202675
438,Peritoma_arborea,35.237105,-114.202185
439,Peritoma_arborea,35.23728111,-114.1994039
440,Peritoma_arborea,35.23747194,-114.199445
441,Peritoma_arborea,35.23747889,-114.1997269
442,Peritoma_arborea,35.23762306,-114.19946
443,Peritoma_arborea,35.23840611,-114.2016642
444,Cryptantha_angustifolia,35.23456,-114.1967939
445,Cryptantha_angustifolia,35.23460306,-114.1967461
446,Cryptantha_angustifolia,35.235195,-114.1967969
447,Cryptantha_angustifolia,35.23543583,-114.2010881
448,Cryptantha_angustifolia,35.23564417,-114.2011542
449,Cryptantha_angustifolia,35.23568889,-114.2011689
450,Cryptantha_angustifolia,35.23570806,-114.2009631
451,Cryptantha_angustifolia,35.23572889,-114.2011331
452,Cryptantha_angustifolia,35.23576083,-114.2012369
453,Cryptantha_angustifolia,35.23576111,-114.2009931
454,Cryptantha_angustifolia,35.23579194,-114.2009939
455,Cryptantha_angustifolia,35.23580111,-114.1978481
456,Cryptantha_angustifolia,35.23583806,-114.2011642
457,Cryptantha_angustifolia,35.23584,-114.2010769
458,Cryptantha_angustifolia,35.23584194,-114.2009481
459,Cryptantha_angustifolia,35.23585,-114.2010181
460,Cryptantha_angustifolia,35.23588,-114.2011439
461,Cryptantha_angustifolia,35.23590194,-114.2011581
462,Cryptantha_angustifolia,35.23591417,-114.1981189
463,Cryptantha_angustifolia,35.23597694,-114.2009611
464,Cryptantha_angustifolia,35.23598028,-114.2009461
465,Cryptantha_angustifolia,35.23603611,-114.20097
466,Cryptantha_angustifolia,35.23605417,-114.1967908
467,Cryptantha_angustifolia,35.23607806,-114.201105
468,Cryptantha_angustifolia,35.23608194,-114.2009439
469,Cryptantha_angustifolia,35.23612694,-114.2009489
470,Cryptantha_angustifolia,35.23614306,-114.201045
471,Cryptantha_angustifolia,35.23626028,-114.2029892
472,Cryptantha_angustifolia,35.23630917,-114.2010589
473,Cryptantha_angustifolia,35.23674806,-114.2028161
474,Cryptantha_angustifolia,35.23675389,-114.2027381
475,Cryptantha_angustifolia,35.23819611,-114.2012869
476,Cryptantha_angustifolia,35.23840611,-114.2010581
477,Cryptantha_angustifolia,35.23842806,-114.2016608
478,Cryptantha_angustifolia,35.23847389,-114.2016261
479,Cryptantha_angustifolia,35.238525,-114.20171
480,Cryptantha_angustifolia,35.238655,-114.2011869
481,Cylindropuntia_acanthocarpa,35.231774,-115.79363
482,Cylindropuntia_acanthocarpa,35.231876,-115.794006
483,Cylindropuntia_acanthocarpa,35.231904,-115.796896
484,Cylindropuntia_acanthocarpa,35.231954,-115.796703
485,Cylindropuntia_acanthocarpa,35.23198,-115.796373
486,Cylindropuntia_acanthocarpa,35.232066,-115.79398
487,Cylindropuntia_acanthocarpa,35.232079,-115.794285
488,Cylindropuntia_acanthocarpa,35.232089,-115.793949
489,Cylindropuntia_acanthocarpa,35.232187,-115.794142
490,Cylindropuntia_acanthocarpa,35.23219,-115.796098
491,Cylindropuntia_acanthocarpa,35.232245,-115.794468
492,Cylindropuntia_acanthocarpa,35.23225,-115.793661
493,Cylindropuntia_acanthocarpa,35.232301,-115.796316
494,Cylindropuntia_acanthocarpa,35.232424,-115.796284
495,Cylindropuntia_acanthocarpa,35.232436,-115.795725
496,Cylindropuntia_acanthocarpa,35.232682,-115.793736
497,Cylindropuntia_acanthocarpa,35.235391,-115.802066
498,Cylindropuntia_acanthocarpa,35.235397,-115.802107
499,Cylindropuntia_acanthocarpa,35.235408,-115.802229
500,Cylindropuntia_acanthocarpa,35.235453,-115.802403
501,Cylindropuntia_acanthocarpa,35.235774,-115.802022
502,Cylindropuntia_acanthocarpa,35.235775,-115.802067
503,Cylindropuntia_acanthocarpa,35.236036,-115.801601
504,Cylindropuntia_acanthocarpa,35.236052,-115.801773
505,Cylindropuntia_acanthocarpa,35.236059,-115.801317
506,Cylindropuntia_acanthocarpa,35.231876,-115.796793
507,Cylindropuntia_acanthocarpa,35.232064,-115.794262
508,Cylindropuntia_acanthocarpa,35.232177,-115.794264
509,Cylindropuntia_acanthocarpa,35.232206,-115.79626
510,Cylindropuntia_acanthocarpa,35.232551,-115.795772
511,Cylindropuntia_acanthocarpa,35.232571,-115.793906
512,Cylindropuntia_acanthocarpa,35.235385,-115.801957
513,Cylindropuntia_acanthocarpa,35.235427,-115.802328
514,Cylindropuntia_acanthocarpa,35.235779,-115.801966
515,Cylindropuntia_acanthocarpa,35.236161,-115.802222
516,Cylindropuntia_ramosissima,35.231777,-115.79363
517,Cylindropuntia_ramosissima,35.231837,-115.796134
518,Cylindropuntia_ramosissima,35.231936,-115.795836
519,Cylindropuntia_ramosissima,35.231964,-115.795813
520,Cylindropuntia_ramosissima,35.231985,-115.794073
521,Cylindropuntia_ramosissima,35.23204,-115.794652
522,Cylindropuntia_ramosissima,35.232065,-115.795825
523,Cylindropuntia_ramosissima,35.232145,-115.794653
524,Cylindropuntia_ramosissima,35.232167,-115.793579
525,Cylindropuntia_ramosissima,35.232174,-115.794163
526,Cylindropuntia_ramosissima,35.232245,-115.794468
527,Cylindropuntia_ramosissima,35.232387,-115.793902
528,Cylindropuntia_ramosissima,35.23249,-115.794145
529,Cylindropuntia_ramosissima,35.235588,-115.801555
530,Cylindropuntia_ramosissima,35.235596,-115.8015
531,Cylindropuntia_ramosissima,35.235776,-115.802239
532,Cylindropuntia_ramosissima,35.235777,-115.802137
533,Cylindropuntia_acanthocarpa,35.23453472,-114.1960733
534,Cylindropuntia_acanthocarpa,35.23455389,-114.1963669
535,Cylindropuntia_acanthocarpa,35.23527083,-114.1970469
536,Cylindropuntia_acanthocarpa,35.23557917,-114.2010889
537,Cylindropuntia_acanthocarpa,35.23570694,-114.20106
538,Cylindropuntia_acanthocarpa,35.23571,-114.1964731
539,Cylindropuntia_acanthocarpa,35.23579194,-114.2009939
540,Cylindropuntia_acanthocarpa,35.23625472,-114.2026594
541,Cylindropuntia_acanthocarpa,35.23819611,-114.2012869
542,Cylindropuntia_acanthocarpa,35.23844111,-114.2015811
543,Cylindropuntia_acanthocarpa,35.23853111,-114.2017489
544,Cylindropuntia_acanthocarpa,35.23864917,-114.202025
545,Cylindropuntia_bigelovii,35.23605889,-114.1978981
546,Cylindropuntia_acanthocarpa,35.23605417,-114.1967908
547,Cylindropuntia_acanthocarpa,35.23625472,-114.2026483
548,Cylindropuntia_ramosissima,35.23564417,-114.2011542
549,Cylindropuntia_ramosissima,35.23576083,-114.2012369
550,Cylindropuntia_ramosissima,35.23615889,-114.1979139
551,Cylindropuntia_ramosissima,35.23672306,-114.2025
552,Cylindropuntia_ramosissima,35.23762694,-114.1998219
553,Cylindropuntia_ramosissima,35.23764806,-114.199475
554,Cylindropuntia_ramosissima,35.23832111,-114.2013619
555,Cylindropuntia_ramosissima,35.23838389,-114.2014339
556,Cylindropuntia_ramosissima,35.23845306,-114.2014161
557,Cylindropuntia_ramosissima,35.23862389,-114.2020069
558,Cylindropuntia_ramosissima,35.23867806,-114.2011008
559,Cynodon_dactylon,35.23446306,-114.1964411
560,Cynodon_dactylon,35.23447806,-114.196435
561,Cynodon_dactylon,35.23448111,-114.196035
562,Cynodon_dactylon,35.23451389,-114.1960631
563,Cynodon_dactylon,35.23728194,-114.1992419
564,Dalea_greggii,35.235545,-114.1965189
565,Dalea_greggii,35.23616806,-114.1970739
566,Dasyochloa_pulchella,35.231832,-115.793838
567,Dasyochloa_pulchella,35.231882,-115.793606
568,Dasyochloa_pulchella,35.231922,-115.795846
569,Dasyochloa_pulchella,35.231936,-115.795836
570,Dasyochloa_pulchella,35.231954,-115.796703
571,Dasyochloa_pulchella,35.231957,-115.793747
572,Dasyochloa_pulchella,35.231962,-115.793824
573,Dasyochloa_pulchella,35.231964,-115.795813
574,Dasyochloa_pulchella,35.231969,-115.794027
575,Dasyochloa_pulchella,35.23198,-115.794417
576,Dasyochloa_pulchella,35.232064,-115.794262
577,Dasyochloa_pulchella,35.232126,-115.795973
578,Dasyochloa_pulchella,35.232159,-115.796516
579,Dasyochloa_pulchella,35.232203,-115.795752
580,Dasyochloa_pulchella,35.232249,-115.794328
581,Dasyochloa_pulchella,35.232301,-115.796316
582,Dasyochloa_pulchella,35.232328,-115.796705
583,Dasyochloa_pulchella,35.232352,-115.796493
584,Dasyochloa_pulchella,35.232442,-115.796627
585,Dasyochloa_pulchella,35.232474,-115.796629
586,Dasyochloa_pulchella,35.232484,-115.796482
587,Dasyochloa_pulchella,35.232519,-115.79577
588,Dasyochloa_pulchella,35.232562,-115.796628
589,Dasyochloa_pulchella,35.232573,-115.796476
590,Dasyochloa_pulchella,35.236162,-115.802094
591,Dasyochloa_pulchella,35.23585,-114.2010181
592,Dasyochloa_pulchella,35.23625472,-114.2026594
593,Dasyochloa_pulchella,35.23626417,-114.2026156
594,Dasyochloa_pulchella,35.23825889,-114.2012542
595,Dasyochloa_pulchella,35.23828611,-114.20129
596,Dasyochloa_pulchella,35.23832111,-114.2013619
597,Dasyochloa_pulchella,35.23839306,-114.2013831
598,Dasyochloa_pulchella,35.23840611,-114.2016642
599,Dasyochloa_pulchella,35.23846611,-114.2016969
600,Dasyochloa_pulchella,35.23847083,-114.2016969
601,Dasyochloa_pulchella,35.23847389,-114.2016261
602,Dasyochloa_pulchella,35.23851083,-114.2018461
603,Dasyochloa_pulchella,35.23854611,-114.2018681
604,Dasyochloa_pulchella,35.23856,-114.2018969
605,Dasyochloa_pulchella,35.238595,-114.20196
606,Dasyochloa_pulchella,35.238675,-114.20192
607,Dasyochloa_pulchella,35.23870389,-114.2013139
608,Dasyochloa_pulchella,35.23873917,-114.2013692
609,Dichelostemma_capitatum,35.23593694,-114.2010419
610,Echinocactus_polycephalus,35.231876,-115.796793
611,Echinocactus_polycephalus,35.232207,-115.79405
612,Echinocactus_polycephalus,35.232295,-115.795991
613,Echinocactus_polycephalus,35.232347,-115.795998
614,Echinocactus_polycephalus,35.232423,-115.796029
615,Echinocactus_polycephalus,35.232424,-115.796284
616,Echinocactus_polycephalus,35.232539,-115.79659
617,Echinocactus_polycephalus,35.232685,-115.79421
618,Echinocactus_polycephalus,35.235591,-115.801859
619,Echinocactus_polycephalus,35.23569417,-114.1966881
620,Echinocereus_engelmannii,35.231807,-115.794631
621,Echinocereus_engelmannii,35.231895,-115.795865
622,Echinocereus_engelmannii,35.232065,-115.793654
623,Echinocereus_engelmannii,35.232076,-115.794412
624,Echinocereus_engelmannii,35.232078,-115.796121
625,Echinocereus_engelmannii,35.232122,-115.79691
626,Echinocereus_engelmannii,35.232145,-115.794653
627,Echinocereus_engelmannii,35.232159,-115.796516
628,Echinocereus_engelmannii,35.232161,-115.793744
629,Echinocereus_engelmannii,35.232173,-115.796108
630,Echinocereus_engelmannii,35.232218,-115.795991
631,Echinocereus_engelmannii,35.232241,-115.794642
632,Echinocereus_engelmannii,35.232302,-115.796511
633,Echinocereus_engelmannii,35.232356,-115.795756
634,Echinocereus_engelmannii,35.23238,-115.796016
635,Echinocereus_engelmannii,35.232483,-115.795745
636,Echinocereus_engelmannii,35.23249,-115.794145
637,Echinocereus_engelmannii,35.232494,-115.793669
638,Echinocereus_engelmannii,35.232551,-115.79467
639,Echinocereus_engelmannii,35.232569,-115.794045
640,Echinocereus_engelmannii,35.232571,-115.793906
641,Echinocereus_engelmannii,35.232576,-115.794197
642,Echinocereus_engelmannii,35.2326,-115.794435
643,Echinocereus_engelmannii,35.232607,-115.79464
644,Echinocereus_engelmannii,35.232647,-115.793598
645,Echinocereus_engelmannii,35.232671,-115.793993
646,Echinocereus_engelmannii,35.232677,-115.793892
647,Echinocereus_engelmannii,35.235397,-115.802107
648,Echinocereus_engelmannii,35.235421,-115.802287
649,Echinocereus_engelmannii,35.235427,-115.802328
650,Echinocereus_engelmannii,35.235428,-115.802196
651,Echinocereus_engelmannii,35.235453,-115.802403
652,Echinocereus_engelmannii,35.235543,-115.801871
653,Echinocereus_engelmannii,35.235774,-115.802022
654,Echinocereus_engelmannii,35.235775,-115.802067
655,Echinocereus_engelmannii,35.235776,-115.802239
656,Echinocereus_engelmannii,35.235801,-115.80218
657,Echinocereus_engelmannii,35.236036,-115.801601
658,Echinocereus_engelmannii,35.236059,-115.801317
659,Echinocereus_engelmannii,35.236162,-115.802235
660,Echinocereus_engelmannii,35.236201,-115.80199
661,Echinocereus_engelmannii,35.234495,-114.1961919
662,Echinocereus_engelmannii,35.23451806,-114.1963711
663,Echinocereus_engelmannii,35.23455389,-114.1963669
664,Echinocereus_engelmannii,35.23456194,-114.1968881
665,Echinocereus_engelmannii,35.23527611,-114.1969342
666,Echinocereus_engelmannii,35.23541694,-114.1967781
667,Echinocereus_engelmannii,35.23546306,-114.1969931
668,Echinocereus_engelmannii,35.23557917,-114.2010889
669,Echinocereus_engelmannii,35.23566,-114.1966419
670,Echinocereus_engelmannii,35.23570806,-114.1965539
671,Echinocereus_engelmannii,35.23584194,-114.2009481
672,Echinocereus_engelmannii,35.23728194,-114.1992419
673,Echinocereus_engelmannii,35.23735694,-114.19936
674,Echinocereus_engelmannii,35.23752417,-114.1994361
675,Echinocereus_engelmannii,35.23762694,-114.1998219
676,Echinocereus_engelmannii,35.23764806,-114.199475
677,Echinocereus_engelmannii,35.23819611,-114.2012869
678,Echinocereus_engelmannii,35.2383,-114.201345
679,Echinocereus_engelmannii,35.23845306,-114.2014161
680,Echinocereus_engelmannii,35.23862389,-114.2020069
681,Echinocereus_engelmannii,35.238685,-114.201275
682,Echinocereus_engelmannii,35.23891889,-114.2014919
683,Echinocereus_triglochidiatus,35.23469306,-114.196855
684,Echinocereus_triglochidiatus,35.23625472,-114.2026483
685,Echinocereus_triglochidiatus,35.23762806,-114.1998239
686,Encelia_farinosa,35.232424,-115.796284
687,Encelia_farinosa,35.232551,-115.795772
688,Encelia_farinosa,35.232553,-115.796036
689,Encelia_farinosa,35.235801,-115.80218
690,Encelia_farinosa,35.236208,-115.802012
691,Encelia_farinosa,35.23455389,-114.1963669
692,Encelia_farinosa,35.23455806,-114.19561
693,Encelia_farinosa,35.23456,-114.1967939
694,Encelia_farinosa,35.23460306,-114.1968219
695,Encelia_farinosa,35.23460306,-114.1967461
696,Encelia_farinosa,35.23462,-114.1967919
697,Encelia_farinosa,35.23463194,-114.1968819
698,Encelia_farinosa,35.23468,-114.1967631
699,Encelia_farinosa,35.23469194,-114.1968369
700,Encelia_farinosa,35.23577111,-114.2010619
701,Encelia_farinosa,35.23606694,-114.1965869
702,Encelia_farinosa,35.23612,-114.19659
703,Encelia_farinosa,35.23621694,-114.1967039
704,Encelia_farinosa,35.23864917,-114.202025
705,Ephedra_viridis,35.231777,-115.79363
706,Ephedra_viridis,35.23179,-115.794359
707,Ephedra_viridis,35.231793,-115.794085
708,Ephedra_viridis,35.231807,-115.794631
709,Ephedra_viridis,35.231811,-115.79446
710,Ephedra_viridis,35.23182,-115.795858
711,Ephedra_viridis,35.23183,-115.79458
712,Ephedra_viridis,35.231832,-115.793838
713,Ephedra_viridis,35.231843,-115.794562
714,Ephedra_viridis,35.231849,-115.794288
715,Ephedra_viridis,35.231849,-115.794288
716,Ephedra_viridis,35.231876,-115.794006
717,Ephedra_viridis,35.231876,-115.793743
718,Ephedra_viridis,35.231882,-115.794645
719,Ephedra_viridis,35.231887,-115.796097
720,Ephedra_viridis,35.231954,-115.796703
721,Ephedra_viridis,35.231963,-115.793695
722,Ephedra_viridis,35.231969,-115.794027
723,Ephedra_viridis,35.231975,-115.796132
724,Ephedra_viridis,35.231985,-115.794073
725,Ephedra_viridis,35.231998,-115.793594
726,Ephedra_viridis,35.232002,-115.796697
727,Ephedra_viridis,35.232024,-115.794445
728,Ephedra_viridis,35.232029,-115.793579
729,Ephedra_viridis,35.232031,-115.793834
730,Ephedra_viridis,35.232046,-115.794544
731,Ephedra_viridis,35.232051,-115.794649
732,Ephedra_viridis,35.232064,-115.794262
733,Ephedra_viridis,35.232065,-115.793654
734,Ephedra_viridis,35.232077,-115.796689
735,Ephedra_viridis,35.232079,-115.79691
736,Ephedra_viridis,35.232084,-115.794017
737,Ephedra_viridis,35.232085,-115.794166
738,Ephedra_viridis,35.232085,-115.793802
739,Ephedra_viridis,35.232138,-115.796674
740,Ephedra_viridis,35.232145,-115.794653
741,Ephedra_viridis,35.232151,35.232151
742,Ephedra_viridis,35.232159,-115.796516
743,Ephedra_viridis,35.232161,-115.793744
744,Ephedra_viridis,35.232167,-115.793579
745,Ephedra_viridis,35.232174,-115.794163
746,Ephedra_viridis,35.232175,-115.793867
747,Ephedra_viridis,35.232177,-115.794264
748,Ephedra_viridis,35.232187,-115.794142
749,Ephedra_viridis,35.232195,-115.796671
750,Ephedra_viridis,35.232207,-115.79405
751,Ephedra_viridis,35.232245,-115.794468
752,Ephedra_viridis,35.232249,-115.794328
753,Ephedra_viridis,35.23225,-115.796519
754,Ephedra_viridis,35.23225,-115.793661
755,Ephedra_viridis,35.232252,-115.793815
756,Ephedra_viridis,35.232264,-115.793696
757,Ephedra_viridis,35.232287,-115.79409
758,Ephedra_viridis,35.232356,-115.795756
759,Ephedra_viridis,35.23238,-115.796016
760,Ephedra_viridis,35.23238,-115.793789
761,Ephedra_viridis,35.232387,-115.793902
762,Ephedra_viridis,35.232405,-115.79462
763,Ephedra_viridis,35.232411,-115.794023
764,Ephedra_viridis,35.232442,-115.796627
765,Ephedra_viridis,35.232451,-115.794508
766,Ephedra_viridis,35.232456,-115.794385
767,Ephedra_viridis,35.232462,-115.794398
768,Ephedra_viridis,35.23249,-115.794145
769,Ephedra_viridis,35.232494,-115.793669
770,Ephedra_viridis,35.232554,-115.795856
771,Ephedra_viridis,35.232561,-115.793792
772,Ephedra_viridis,35.232569,-115.794045
773,Ephedra_viridis,35.232571,-115.793906
774,Ephedra_viridis,35.232576,-115.794197
775,Ephedra_viridis,35.2326,-115.794435
776,Ephedra_viridis,35.232647,-115.793598
777,Ephedra_viridis,35.232653,-115.794521
778,Ephedra_viridis,35.232682,-115.793736
779,Ephedra_viridis,35.232685,-115.794458
780,Ephedra_viridis,35.232685,-115.79421
781,Ephedra_viridis,35.235385,-115.801957
782,Ephedra_viridis,35.235391,-115.802066
783,Ephedra_viridis,35.235408,-115.802144
784,Ephedra_viridis,35.235427,-115.802328
785,Ephedra_viridis,35.235428,-115.802196
786,Ephedra_viridis,35.23556,-115.80191
787,Ephedra_viridis,35.235589,-115.801687
788,Ephedra_viridis,35.235591,-115.801859
789,Ephedra_viridis,35.235775,-115.802067
790,Ephedra_viridis,35.235776,-115.802389
791,Ephedra_viridis,35.235779,-115.801966
792,Ephedra_viridis,35.235801,-115.80218
793,Ephedra_viridis,35.236015,-115.80189
794,Ephedra_viridis,35.236048,-115.801528
795,Ephedra_viridis,35.236161,-115.802222
796,Ephedra_viridis,35.236162,-115.802235
797,Ephedra_viridis,35.236165,-115.802236
798,Ephedra_viridis,35.236182,-115.802035
799,Ephedra_viridis,35.236208,-115.802012
800,Ephedra_viridis,35.234495,-114.1961919
801,Ephedra_viridis,35.23460306,-114.1968219
802,Ephedra_viridis,35.23469306,-114.196855
803,Ephedra_viridis,35.235205,-114.1966231
804,Ephedra_viridis,35.23539611,-114.1967081
805,Ephedra_viridis,35.23541,-114.2012081
806,Ephedra_viridis,35.23541694,-114.1981019
807,Ephedra_viridis,35.23541694,-114.1967781
808,Ephedra_viridis,35.235675,-114.1977569
809,Ephedra_viridis,35.235715,-114.1980261
810,Ephedra_viridis,35.23571583,-114.1982281
811,Ephedra_viridis,35.23577611,-114.1979758
812,Ephedra_viridis,35.23582306,-114.1978511
813,Ephedra_viridis,35.23585,-114.2010181
814,Ephedra_viridis,35.23594389,-114.1978361
815,Ephedra_viridis,35.23609389,-114.1968831
816,Ephedra_viridis,35.23615889,-114.1979139
817,Ephedra_viridis,35.23616,-114.2010569
818,Ephedra_viridis,35.23621694,-114.1967039
819,Ephedra_viridis,35.23626028,-114.2029892
820,Ephedra_viridis,35.23629111,-114.20103
821,Ephedra_viridis,35.23630917,-114.2010589
822,Ephedra_viridis,35.23726194,-114.1994231
823,Ephedra_viridis,35.23762306,-114.19946
824,Ephedra_viridis,35.2383,-114.201345
825,Ephedra_viridis,35.23855111,-114.2009561
826,Ephedra_viridis,35.23862389,-114.2020069
827,Ephedra_viridis,35.23864917,-114.202025
828,Eremalche_rotundifolia,35.23543583,-114.2010881
829,Eremothera_boothii,35.23543583,-114.2010881
830,Eremothera_boothii,35.23564389,-114.201165
831,Ericameria_paniculata,35.231783,-115.793979
832,Ericameria_paniculata,35.23179,-115.794359
833,Ericameria_paniculata,35.231807,-115.794245
834,Ericameria_paniculata,35.231895,-115.795865
835,Ericameria_paniculata,35.232058,-115.794339
836,Ericameria_paniculata,35.232207,-115.79405
837,Ericameria_paniculata,35.232208,-115.793937
838,Ericameria_paniculata,35.232264,-115.793696
839,Ericameria_paniculata,35.23237,-115.793655
840,Ericameria_paniculata,35.232451,-115.794508
841,Erigonium_inflatum,35.236162,-115.802235
842,Erigonium_inflatum,35.236162,-115.802094
843,Erigonium_inflatum,35.236201,-115.80199
844,Erigonium_inflatum,35.236208,-115.802012
845,Eriogonum_brachypodum,35.232002,-115.796697
846,Eriogonum_brachypodum,35.23205,-115.796712
847,Eriogonum_fasciculatum,35.231783,-115.793979
848,Eriogonum_fasciculatum,35.23179,-115.794359
849,Eriogonum_fasciculatum,35.231807,-115.794631
850,Eriogonum_fasciculatum,35.231832,-115.793838
851,Eriogonum_fasciculatum,35.231857,-115.793867
852,Eriogonum_fasciculatum,35.231957,-115.793747
853,Eriogonum_fasciculatum,35.231963,-115.793695
854,Eriogonum_fasciculatum,35.231975,-115.796132
855,Eriogonum_fasciculatum,35.231984,-115.794259
856,Eriogonum_fasciculatum,35.232029,-115.793579
857,Eriogonum_fasciculatum,35.23204,-115.794652
858,Eriogonum_fasciculatum,35.23206,-115.794528
859,Eriogonum_fasciculatum,35.232065,-115.793654
860,Eriogonum_fasciculatum,35.232066,-115.79398
861,Eriogonum_fasciculatum,35.232076,-115.794412
862,Eriogonum_fasciculatum,35.232084,-115.794017
863,Eriogonum_fasciculatum,35.232089,-115.793949
864,Eriogonum_fasciculatum,35.232145,-115.794653
865,Eriogonum_fasciculatum,35.232161,-115.793744
866,Eriogonum_fasciculatum,35.232167,-115.793579
867,Eriogonum_fasciculatum,35.232275,-115.793916
868,Eriogonum_fasciculatum,35.23238,-115.793789
869,Eriogonum_fasciculatum,35.232387,-115.793902
870,Eriogonum_fasciculatum,35.232451,-115.794508
871,Eriogonum_fasciculatum,35.23249,-115.794145
872,Eriogonum_fasciculatum,35.2326,-115.794435
873,Eriogonum_fasciculatum,35.232682,-115.793736
874,Eriogonum_inflatum,35.231777,-115.79363
875,Eriogonum_inflatum,35.231802,-115.796869
876,Eriogonum_inflatum,35.23182,-115.796439
877,Eriogonum_inflatum,35.231837,-115.796134
878,Eriogonum_inflatum,35.231858,-115.796779
879,Eriogonum_inflatum,35.231872,-115.796144
880,Eriogonum_inflatum,35.231878,-115.794204
881,Eriogonum_inflatum,35.231887,-115.796097
882,Eriogonum_inflatum,35.231922,-115.795846
883,Eriogonum_inflatum,35.231936,-115.795836
884,Eriogonum_inflatum,35.231959,-115.796381
885,Eriogonum_inflatum,35.231964,-115.795813
886,Eriogonum_inflatum,35.23198,-115.796373
887,Eriogonum_inflatum,35.231985,-115.796931
888,Eriogonum_inflatum,35.231997,-115.796112
889,Eriogonum_inflatum,35.231998,-115.793594
890,Eriogonum_inflatum,35.232022,-115.79692
891,Eriogonum_inflatum,35.232024,-115.794445
892,Eriogonum_inflatum,35.232026,-115.795808
893,Eriogonum_inflatum,35.23205,-115.796712
894,Eriogonum_inflatum,35.23206,-115.794528
895,Eriogonum_inflatum,35.232065,-115.793654
896,Eriogonum_inflatum,35.232067,-115.796369
897,Eriogonum_inflatum,35.232077,-115.796689
898,Eriogonum_inflatum,35.232078,-115.796121
899,Eriogonum_inflatum,35.232079,-115.79691
900,Eriogonum_inflatum,35.232097,-115.796396
901,Eriogonum_inflatum,35.232105,-115.796126
902,Eriogonum_inflatum,35.232138,-115.796674
903,Eriogonum_inflatum,35.232145,-115.796246
904,Eriogonum_inflatum,35.232145,-115.794653
905,Eriogonum_inflatum,35.232159,-115.796516
906,Eriogonum_inflatum,35.232166,-115.79639
907,Eriogonum_inflatum,35.232171,-115.795969
908,Eriogonum_inflatum,35.232173,-115.796108
909,Eriogonum_inflatum,35.232186,-115.796399
910,Eriogonum_inflatum,35.232203,-115.795752
911,Eriogonum_inflatum,35.2323,-115.795783
912,Eriogonum_inflatum,35.232442,-115.796627
913,Eriogonum_inflatum,35.232451,-115.794508
914,Eriogonum_inflatum,35.232456,-115.794385
915,Eriogonum_inflatum,35.232462,-115.794398
916,Eriogonum_inflatum,35.232483,-115.796328
917,Eriogonum_inflatum,35.232483,-115.795745
918,Eriogonum_inflatum,35.23249,-115.794145
919,Eriogonum_inflatum,35.232519,-115.79577
920,Eriogonum_inflatum,35.232551,-115.795772
921,Eriogonum_inflatum,35.232551,-115.79467
922,Eriogonum_inflatum,35.232554,-115.795856
923,Eriogonum_inflatum,35.232577,-115.794553
924,Eriogonum_inflatum,35.232588,-115.796474
925,Eriogonum_inflatum,35.2326,-115.794435
926,Eriogonum_fasciculatum,35.23574306,-114.1965681
927,Eriogonum_fasciculatum,35.23580111,-114.1965861
928,Eriogonum_fasciculatum,35.23581417,-114.1966719
929,Eriogonum_fasciculatum,35.23583194,-114.1967858
930,Eriogonum_fasciculatum,35.23586194,-114.1968558
931,Eriogonum_fasciculatum,35.23606694,-114.1965869
932,Eriogonum_fasciculatum,35.23612,-114.19659
933,Eriogonum_Inflatum,35.23441611,-114.196225
934,Eriogonum_Inflatum,35.23449583,-114.1964389
935,Eriogonum_Inflatum,35.23451389,-114.1960731
936,Eriogonum_Inflatum,35.23451389,-114.1960631
937,Eriogonum_Inflatum,35.23456111,-114.1969069
938,Eriogonum_Inflatum,35.23460306,-114.1968219
939,Eriogonum_Inflatum,35.23462,-114.1969211
940,Eriogonum_Inflatum,35.23473611,-114.1970389
941,Eriogonum_Inflatum,35.23492694,-114.19676
942,Eriogonum_Inflatum,35.235105,-114.1970211
943,Eriogonum_Inflatum,35.23519194,-114.1965831
944,Eriogonum_Inflatum,35.235205,-114.1966231
945,Eriogonum_Inflatum,35.23520889,-114.1966581
946,Eriogonum_Inflatum,35.23532194,-114.1965989
947,Eriogonum_Inflatum,35.23553,-114.20101
948,Eriogonum_Inflatum,35.235585,-114.1965389
949,Eriogonum_Inflatum,35.23561111,-114.1964839
950,Eriogonum_Inflatum,35.23564389,-114.2012369
951,Eriogonum_Inflatum,35.23576889,-114.1970119
952,Eriogonum_Inflatum,35.23580694,-114.1969381
953,Eriogonum_Inflatum,35.23582306,-114.1966261
954,Eriogonum_Inflatum,35.23585389,-114.1965869
955,Eriogonum_Inflatum,35.23593694,-114.2010419
956,Eriogonum_Inflatum,35.235955,-114.196825
957,Eriogonum_Inflatum,35.23596111,-114.1970619
958,Eriogonum_Inflatum,35.23597694,-114.2009611
959,Eriogonum_Inflatum,35.23605417,-114.1967908
960,Eriogonum_Inflatum,35.23608806,-114.1979242
961,Eriogonum_Inflatum,35.23609389,-114.1968831
962,Eriogonum_Inflatum,35.23619889,-114.1979081
963,Eriogonum_Inflatum,35.23623583,-114.2027361
964,Eriogonum_Inflatum,35.23625472,-114.2026483
965,Eriogonum_Inflatum,35.23626417,-114.2026156
966,Eriogonum_Inflatum,35.23630917,-114.2010589
967,Eriogonum_Inflatum,35.23723,-114.1994231
968,Eriogonum_Inflatum,35.23724111,-114.1993031
969,Eriogonum_Inflatum,35.237255,-114.1992531
970,Eriogonum_Inflatum,35.23726111,-114.1994189
971,Eriogonum_Inflatum,35.23728111,-114.1994039
972,Eriogonum_Inflatum,35.23728194,-114.1992739
973,Eriogonum_Inflatum,35.23731194,-114.1993869
974,Eriogonum_Inflatum,35.23735694,-114.19936
975,Eriogonum_Inflatum,35.23754389,-114.1997531
976,Eriogonum_Inflatum,35.23758611,-114.1994692
977,Eriogonum_Inflatum,35.23762306,-114.19946
978,Eriogonum_Inflatum,35.23764806,-114.199475
979,Eriogonum_Inflatum,35.23819694,-114.201205
980,Eriogonum_Inflatum,35.23822806,-114.2012269
981,Eriogonum_Inflatum,35.238595,-114.20196
982,Eriogonum_Inflatum,35.238655,-114.2011869
983,Eriogonum_Inflatum,35.23878306,-114.20109
984,Eriophyllum_wallacei,35.23458417,-114.1969981
985,Erodium_cicutarium,35.23542306,-114.2010881
986,Erodium_cicutarium,35.23543583,-114.2010881
987,Erodium_cicutarium,35.23553,-114.20101
988,Erodium_cicutarium,35.23557917,-114.2010889
989,Erodium_cicutarium,35.23564417,-114.2011542
990,Erodium_cicutarium,35.23570806,-114.2009631
991,Erodium_cicutarium,35.23572889,-114.2011331
992,Erodium_cicutarium,35.23576111,-114.2009931
993,Erodium_cicutarium,35.23579194,-114.2009939
994,Erodium_cicutarium,35.23585,-114.2010181
995,Erodium_cicutarium,35.23598028,-114.2009461
996,Erodium_cicutarium,35.23603611,-114.20097
997,Erodium_cicutarium,35.23608194,-114.2009439
998,Erodium_cicutarium,35.23609389,-114.1968831
999,Erodium_cicutarium,35.23612694,-114.2009489
1000,Erodium_cicutarium,35.23754389,-114.1997531
1001,Erodium_cicutarium,35.23822806,-114.2012269
1002,Erodium_cicutarium,35.2383,-114.201345
1003,Erodium_cicutarium,35.23844111,-114.2015811
1004,Erodium_cicutarium,35.23847389,-114.2016261
1005,Erodium_cicutarium,35.23871389,-114.2010803
1006,Erodium_cicutarium,35.23871389,-114.2010803
1007,Ferocactus_cylindraceus,35.231802,-115.796869
1008,Ferocactus_cylindraceus,35.231849,-115.794288
1009,Ferocactus_cylindraceus,35.231962,-115.793824
1010,Ferocactus_cylindraceus,35.231964,-115.795813
1011,Ferocactus_cylindraceus,35.231969,-115.794027
1012,Ferocactus_cylindraceus,35.231975,-115.796132
1013,Ferocactus_cylindraceus,35.232029,-115.793579
1014,Ferocactus_cylindraceus,35.232065,-115.793654
1015,Ferocactus_cylindraceus,35.232079,-115.79691
1016,Ferocactus_cylindraceus,35.232085,-115.794166
1017,Ferocactus_cylindraceus,35.232105,-115.796126
1018,Ferocactus_cylindraceus,35.232161,-115.793744
1019,Ferocactus_cylindraceus,35.23218,-115.796522
1020,Ferocactus_cylindraceus,35.232185,-115.796263
1021,Ferocactus_cylindraceus,35.232203,-115.795752
1022,Ferocactus_cylindraceus,35.232207,-115.79405
1023,Ferocactus_cylindraceus,35.23225,-115.796519
1024,Ferocactus_cylindraceus,35.232278,-115.796294
1025,Ferocactus_cylindraceus,35.232287,-115.79409
1026,Ferocactus_cylindraceus,35.232302,-115.796511
1027,Ferocactus_cylindraceus,35.232356,-115.795756
1028,Ferocactus_cylindraceus,35.232387,-115.796661
1029,Ferocactus_cylindraceus,35.232412,-115.796507
1030,Ferocactus_cylindraceus,35.232423,-115.796029
1031,Ferocactus_cylindraceus,35.232436,-115.795725
1032,Ferocactus_cylindraceus,35.232439,-115.796303
1033,Ferocactus_cylindraceus,35.232448,-115.796496
1034,Ferocactus_cylindraceus,35.232467,-115.796035
1035,Ferocactus_cylindraceus,35.232474,-115.796629
1036,Ferocactus_cylindraceus,35.232498,-115.795736
1037,Ferocactus_cylindraceus,35.232519,-115.79577
1038,Ferocactus_cylindraceus,35.232571,-115.793906
1039,Ferocactus_cylindraceus,35.232576,-115.794197
1040,Ferocactus_cylindraceus,35.232577,-115.794553
1041,Ferocactus_cylindraceus,35.232589,-115.794324
1042,Ferocactus_cylindraceus,35.235397,-115.802107
1043,Ferocactus_cylindraceus,35.23556,-115.80191
1044,Ferocactus_cylindraceus,35.235591,-115.801859
1045,Ferocactus_cylindraceus,35.235596,-115.8015
1046,Ferocactus_cylindraceus,35.235776,-115.802239
1047,Ferocactus_cylindraceus,35.236015,-115.80189
1048,Ferocactus_cylindraceus,35.236031,-115.801415
1049,Ferocactus_cylindraceus,35.236059,-115.801317
1050,Ferocactus_cylindraceus,35.236161,-115.802222
1051,Ferocactus_cylindraceus,35.236165,-115.802236
1052,Ferocactus_cylindraceus,35.23451389,-114.1960731
1053,Ferocactus_cylindraceus,35.23451389,-114.1960631
1054,Ferocactus_cylindraceus,35.23451389,-114.1959189
1055,Ferocactus_cylindraceus,35.23451806,-114.1963711
1056,Ferocactus_cylindraceus,35.23464889,-114.1954714
1057,Ferocactus_cylindraceus,35.23465806,-114.1970411
1058,Ferocactus_cylindraceus,35.23474389,-114.1971042
1059,Ferocactus_cylindraceus,35.23474889,-114.1971719
1060,Ferocactus_cylindraceus,35.23539611,-114.1967081
1061,Ferocactus_cylindraceus,35.23546306,-114.1969931
1062,Ferocactus_cylindraceus,35.23555194,-114.2012519
1063,Ferocactus_cylindraceus,35.23594389,-114.1978361
1064,Ferocactus_cylindraceus,35.23605417,-114.1967908
1065,Ferocactus_cylindraceus,35.23606694,-114.1965869
1066,Ferocactus_cylindraceus,35.23609389,-114.1968831
1067,Ferocactus_cylindraceus,35.23614306,-114.201045
1068,Ferocactus_cylindraceus,35.23621694,-114.1967039
1069,Ferocactus_cylindraceus,35.23708,-114.2027469
1070,Ferocactus_cylindraceus,35.23724111,-114.1993031
1071,Ferocactus_cylindraceus,35.23731194,-114.1993869
1072,Ferocactus_cylindraceus,35.23747889,-114.1997269
1073,Ferocactus_cylindraceus,35.23760806,-114.1994639
1074,Ferocactus_cylindraceus,35.23762194,-114.199805
1075,Ferocactus_cylindraceus,35.23840611,-114.2010581
1076,Ferocactus_cylindraceus,35.23853111,-114.2017489
1077,Ferocactus_cylindraceus,35.23857194,-114.2018439
1078,Gilia_cana,35.23543583,-114.2010881
1079,Gilia_cana,35.23564417,-114.2011542
1080,Gilia_cana,35.23568889,-114.2011689
1081,Gilia_cana,35.23570694,-114.20106
1082,Gilia_cana,35.23570806,-114.2009631
1083,Gilia_cana,35.23572889,-114.2011331
1084,Gilia_cana,35.23576111,-114.2009931
1085,Gilia_cana,35.23576111,-114.2009931
1086,Gilia_cana,35.23577111,-114.2010619
1087,Gilia_cana,35.23579194,-114.2009939
1088,Gilia_cana,35.23608194,-114.2009439
1089,Gilia_cana,35.23629111,-114.20103
1090,Gilia_clokeyi,35.23585,-114.2010181
1091,Gilia_stellata,35.23585389,-114.1965869
1092,Gilia_stellata,35.23626028,-114.2029892
1093,Grayia_spinosa,35.23583806,-114.2011642
1094,Grayia_spinosa,35.23614306,-114.201045
1095,Grayia_spinosa,35.23630917,-114.2010589
1096,Hieracium_nudicaule,35.23474889,-114.1971719
1097,Krameria_erecta,35.23757694,-114.1997758
1098,Langloisia_setosissima,35.23596306,-114.2010031
1099,Langloisia_setosissima,35.23603611,-114.20097
1100,Langloisia_setosissima,35.23840611,-114.2010581
1101,Larrea_tridentada,35.23179,-115.794359
1102,Larrea_tridentada,35.231793,-115.794085
1103,Larrea_tridentada,35.231843,-115.794562
1104,Larrea_tridentada,35.231849,-115.794288
1105,Larrea_tridentada,35.231857,-115.793867
1106,Larrea_tridentada,35.231882,-115.793606
1107,Larrea_tridentada,35.231888,-115.794421
1108,Larrea_tridentada,35.23198,-115.794417
1109,Larrea_tridentada,35.23198,-115.794192
1110,Larrea_tridentada,35.232024,-115.794445
1111,Larrea_tridentada,35.232037,-115.794113
1112,Larrea_tridentada,35.232085,-115.793802
1113,Larrea_tridentada,35.232227,-115.793602
1114,Larrea_tridentada,35.232275,-115.793916
1115,Larrea_tridentada,35.232483,-115.793603
1116,Larrea_tridentada,35.232561,-115.793792
1117,Larrea_tridentada,35.232569,-115.794045
1118,Larrea_tridentada,35.232647,-115.793598
1119,Larrea_tridentada,35.232671,-115.793993
1120,Larrea_tridentada,35.232677,-115.793892
1121,Larrea_tridentada,35.232685,-115.794458
1122,Larrea_tridentada,35.235453,-115.802403
1123,Larrea_tridentada,35.235597,-115.801347
1124,Larrea_tridentada,35.235763,-115.802264
1125,Larrea_tridentada,35.235777,-115.802137
1126,Larrea_tridentada,35.236034,-115.801695
1127,Larrea_tridentada,35.236036,-115.801601
1128,Larrea_tridentada,35.236048,-115.801528
1129,Larrea_tridentada,35.23605,-115.801499
1130,Larrea_tridentada,35.236182,-115.802035
1131,Larrea_tridentada,35.236208,-115.802012
1132,Larrea_tridentata,35.231875,-115.796429
1133,Larrea_tridentata,35.231895,-115.795865
1134,Larrea_tridentata,35.23192,-115.79612
1135,Larrea_tridentata,35.231954,-115.796703
1136,Larrea_tridentata,35.231997,-115.796112
1137,Larrea_tridentata,35.232096,-115.796387
1138,Larrea_tridentata,35.232118,-115.795822
1139,Larrea_tridentata,35.232232,-115.796751
1140,Larrea_tridentata,35.232423,-115.796029
1141,Larrea_tridentata,35.232448,-115.796496
1142,Larrea_tridentata,35.232467,-115.796035
1143,Larrea_tridentata,35.232483,-115.795745
1144,Larrea_tridentata,35.232501,-115.796626
1145,Larrea_tridentata,35.232553,-115.796036
1146,Larrea_tridentata,35.232554,-115.795856
1147,Larrea_tridentata,35.23458389,-114.1971319
1148,Larrea_tridentata,35.23458417,-114.1969981
1149,Larrea_tridentata,35.23458611,-114.1970808
1150,Larrea_tridentata,35.23515111,-114.1966331
1151,Larrea_tridentata,35.23603611,-114.19812
1152,Larrea_tridentata,35.23619889,-114.1979081
1153,Larrea_tridentata,35.23625389,-114.2010619
1154,Larrea_tridentata,35.236785,-114.2023269
1155,Larrea_tridentata,35.23761389,-114.1997958
1156,Larrea_tridentata,35.23762694,-114.1998219
1157,Larrea_tridentata,35.23819611,-114.2012869
1158,Larrea_tridentata,35.23819694,-114.201205
1159,Larrea_tridentata,35.2383,-114.201345
1160,Larrea_tridentata,35.23840611,-114.2010581
1161,Larrea_tridentata,35.23855111,-114.2009561
1162,Larrea_tridentata,35.238655,-114.2011869
1163,Larrea_tridentata,35.23865611,-114.2012311
1164,Larrea_tridentata,35.23867306,-114.2010381
1165,Larrea_tridentata,35.23885194,-114.2014431
1166,Lepidium_andersonii,35.23724111,-114.1993031
1167,Lepidium_densiflorum,35.23449583,-114.1964389
1168,Lepidium_densiflorum,35.23544889,-114.1968519
1169,Lepidium_densiflorum,35.23553583,-114.19658
1170,Lepidium_densiflorum,35.23557917,-114.2010889
1171,Lepidium_densiflorum,35.23560306,-114.1980431
1172,Lepidium_densiflorum,35.23568889,-114.2011689
1173,Lepidium_densiflorum,35.23572889,-114.2011331
1174,Lepidium_densiflorum,35.23574306,-114.1965681
1175,Lepidium_densiflorum,35.23576889,-114.1970119
1176,Lepidium_densiflorum,35.23577611,-114.1979758
1177,Lepidium_densiflorum,35.23579194,-114.2009939
1178,Lepidium_densiflorum,35.23582194,-114.1978469
1179,Lepidium_densiflorum,35.23584194,-114.2009481
1180,Lepidium_densiflorum,35.23585,-114.2010181
1181,Lepidium_densiflorum,35.23585389,-114.1965869
1182,Lepidium_densiflorum,35.235885,-114.2009511
1183,Lepidium_densiflorum,35.23593194,-114.200925
1184,Lepidium_densiflorum,35.235955,-114.196825
1185,Lepidium_densiflorum,35.23596306,-114.2010031
1186,Lepidium_densiflorum,35.23598028,-114.2009461
1187,Lepidium_densiflorum,35.23675389,-114.2027381
1188,Lepidium_densiflorum,35.23707889,-114.2020469
1189,Lepidium_densiflorum,35.23822806,-114.2012269
1190,Lepidium_densiflorum,35.23825889,-114.2012542
1191,Lepidium_densiflorum,35.23828611,-114.20129
1192,Lepidium_densiflorum,35.2383,-114.201345
1193,Lepidium_densiflorum,35.23835083,-114.20137
1194,Lepidium_densiflorum,35.23838389,-114.2014339
1195,Lepidium_densiflorum,35.23842806,-114.2016608
1196,Lepidium_densiflorum,35.238435,-114.2014131
1197,Lepidium_densiflorum,35.23844111,-114.2015811
1198,Lepidium_densiflorum,35.23845306,-114.2014161
1199,Lepidium_densiflorum,35.23847083,-114.2016969
1200,Lepidium_densiflorum,35.23847389,-114.2016261
1201,Lepidium_densiflorum,35.238525,-114.20171
1202,Lepidium_densiflorum,35.23853111,-114.2017489
1203,Lepidium_densiflorum,35.23853694,-114.2016939
1204,Lepidium_densiflorum,35.23857194,-114.2018439
1205,Lepidium_densiflorum,35.23861,-114.2018981
1206,Lepidium_densiflorum,35.23863389,-114.2013669
1207,Lepidium_densiflorum,35.23867806,-114.2011008
1208,Lepidium_densiflorum,35.238715,-114.2011361
1209,Lepidium_densiflorum,35.23876,-114.2012019
1210,Lepidium_densiflorum,35.23878417,-114.2009861
1211,Lepidium_fremontii,35.23626028,-114.2029892
1212,Lepidium_fremontii,35.23626028,-114.2029892
1213,Lepidium_fremontii,35.23626028,-114.2029892
1214,Lepidium_fremontii,35.23626444,-114.2025717
1215,Lupinus_concinnus,35.23612694,-114.2009489
1216,Lycium_andersonii,35.231774,-115.79363
1217,Lycium_andersonii,35.231783,-115.793979
1218,Lycium_andersonii,35.231807,-115.794245
1219,Lycium_andersonii,35.231811,-115.79446
1220,Lycium_andersonii,35.231843,-115.794562
1221,Lycium_andersonii,35.23192,-115.79612
1222,Lycium_andersonii,35.231984,-115.794259
1223,Lycium_andersonii,35.231997,-115.796112
1224,Lycium_andersonii,35.23204,-115.794652
1225,Lycium_andersonii,35.232046,-115.794544
1226,Lycium_andersonii,35.232058,-115.794339
1227,Lycium_andersonii,35.232076,-115.794412
1228,Lycium_andersonii,35.232079,-115.794285
1229,Lycium_andersonii,35.232171,-115.795969
1230,Lycium_andersonii,35.232174,-115.794163
1231,Lycium_andersonii,35.232218,-115.795991
1232,Lycium_andersonii,35.232227,-115.793602
1233,Lycium_andersonii,35.232275,-115.793916
1234,Lycium_andersonii,35.232302,-115.796511
1235,Lycium_andersonii,35.23238,-115.793578
1236,Lycium_andersonii,35.232483,-115.795745
1237,Lycium_andersonii,35.232498,-115.795736
1238,Lycium_andersonii,35.232576,-115.794197
1239,Lycium_andersonii,35.235591,-115.801859
1240,Lycium_andersonii,35.235779,-115.801966
1241,Lycium_andersonii,35.23456111,-114.1969069
1242,Lycium_andersonii,35.23474889,-114.1971719
1243,Lycium_andersonii,35.23507111,-114.1969161
1244,Lycium_andersonii,35.235075,-114.1968661
1245,Lycium_andersonii,35.23519306,-114.1968419
1246,Lycium_andersonii,35.235195,-114.1967969
1247,Lycium_andersonii,35.23523389,-114.1968811
1248,Lycium_andersonii,35.23527611,-114.1969342
1249,Lycium_andersonii,35.23541,-114.2012081
1250,Lycium_andersonii,35.23553,-114.20101
1251,Lycium_andersonii,35.23564417,-114.2011542
1252,Lycium_andersonii,35.23568889,-114.2011689
1253,Lycium_andersonii,35.23570806,-114.2009631
1254,Lycium_andersonii,35.23576111,-114.2009931
1255,Lycium_andersonii,35.23577111,-114.1969089
1256,Lycium_andersonii,35.23580111,-114.1965861
1257,Lycium_andersonii,35.23584,-114.2010769
1258,Lycium_andersonii,35.23596194,-114.1981469
1259,Lycium_andersonii,35.23626417,-114.2026156
1260,Lycium_andersonii,35.23626417,-114.2026156
1261,Lycium_andersonii,35.23673694,-114.2029919
1262,Lycium_andersonii,35.23674806,-114.2028161
1263,Lycium_andersonii,35.23675389,-114.2027381
1264,Lycium_andersonii,35.23677,-114.202675
1265,Lycium_andersonii,35.23688889,-114.2031
1266,Lycium_andersonii,35.23692111,-114.20286
1267,Lycium_andersonii,35.23694417,-114.2027411
1268,Lycium_andersonii,35.23703306,-114.2025542
1269,Lycium_andersonii,35.23708,-114.2027469
1270,Lycium_andersonii,35.23709917,-114.2026408
1271,Lycium_andersonii,35.23832111,-114.2013619
1272,Mammillaria_tetrancistra,35.23235,-115.796296
1273,Mammillaria_tetrancistra,35.23557917,-114.2010889
1274,Mammillaria_tetrancistra,35.23596111,-114.1970619
1275,Mirabilis_laevis,35.23840611,-114.2016642
1276,Monoptilon_bellidiforme,35.23576694,-114.1982439
1277,Monoptilon_bellidiforme,35.23679889,-114.2020969
1278,Monoptilon_bellioides,35.23555194,-114.2012519
1279,Monoptilon_bellioides,35.23564389,-114.201165
1280,Monoptilon_bellioides,35.23582611,-114.1965939
1281,Monoptilon_bellioides,35.23584194,-114.2009481
1282,Monoptilon_bellioides,35.23585,-114.2010181
1283,Monoptilon_bellioides,35.23585389,-114.1965869
1284,Monoptilon_bellioides,35.235885,-114.2012039
1285,Monoptilon_bellioides,35.23607806,-114.201105
1286,Monoptilon_bellioides,35.23608194,-114.2009439
1287,Monoptilon_bellioides,35.23616,-114.2010569
1288,Nicotiana_attenuata,35.234685,-114.1955089
1289,Opuntia_basilaris,35.231863,-115.796896
1290,Opuntia_basilaris,35.231872,-115.796144
1291,Opuntia_basilaris,35.232031,-115.793834
1292,Opuntia_basilaris,35.232037,-115.794113
1293,Opuntia_basilaris,35.232084,-115.794017
1294,Opuntia_basilaris,35.232126,-115.795973
1295,Opuntia_basilaris,35.232145,-115.794653
1296,Opuntia_basilaris,35.232167,-115.794533
1297,Opuntia_basilaris,35.232174,-115.794163
1298,Opuntia_basilaris,35.232328,-115.796705
1299,Opuntia_basilaris,35.23235,-115.796296
1300,Opuntia_basilaris,35.23238,-115.796016
1301,Opuntia_basilaris,35.232551,-115.79467
1302,Opuntia_basilaris,35.23559,-115.801802
1303,Opuntia_basilaris,35.236031,-115.801415
1304,Opuntia_basilaris,35.23444306,-114.1961981
1305,Opuntia_basilaris,35.23447806,-114.196435
1306,Opuntia_basilaris,35.23593194,-114.200925
1307,Opuntia_basilaris,35.23593694,-114.2010419
1308,Opuntia_basilaris,35.23625389,-114.2010619
1309,Opuntia_basilaris,35.23709917,-114.2026408
1310,Opuntia_basilaris,35.23731194,-114.1993869
1311,Opuntia_basilaris,35.23752417,-114.1994361
1312,Opuntia_basilaris,35.23856,-114.2018969
1313,Opuntia_bigelovii,35.23541694,-114.1981019
1314,Opuntia_bigelovii,35.23566,-114.1980269
1315,Opuntia_bigelovii,35.235715,-114.1980261
1316,Opuntia_bigelovii,35.23579,-114.1977311
1317,Opuntia_bigelovii,35.23580111,-114.1982439
1318,Opuntia_bigelovii,35.23582306,-114.1978511
1319,Opuntia_bigelovii,35.23603611,-114.19812
1320,Opuntia_bigelovii,35.23616694,-114.1981169
1321,Opuntia_bigelovii,35.236735,-114.2028531
1322,Opuntia_bigelovii,35.23677,-114.202675
1323,Opuntia_bigelovii,35.23707,-114.2021119
1324,Pectocarya_heterocarpa,35.23819611,-114.2012869
1325,Pectocarya_heterocarpa,35.23838389,-114.2014339
1326,Pectocarya_heterocarpa,35.23840611,-114.2010581
1327,Pectocarya_heterocarpa,35.23842806,-114.2016608
1328,Pectocarya_heterocarpa,35.23844111,-114.2015811
1329,Pectocarya_heterocarpa,35.23845306,-114.2014161
1330,Pectocarya_heterocarpa,35.238525,-114.20171
1331,Pectocarya_heterocarpa,35.23853111,-114.2017489
1332,Pectocarya_heterocarpa,35.23855111,-114.2009561
1333,Pectocarya_heterocarpa,35.23861,-114.2018981
1334,Pectocarya_heterocarpa,35.23863389,-114.2013669
1335,Pectocarya_heterocarpa,35.238655,-114.2011869
1336,Pectocarya_heterocarpa,35.23867306,-114.2010381
1337,Pectocarya_heterocarpa,35.23867806,-114.2011008
1338,Pectocarya_heterocarpa,35.23870111,-114.2011419
1339,Pectocarya_heterocarpa,35.238715,-114.2011361
1340,Pectocarya_heterocarpa,35.23878,-114.2011911
1341,Pectocarya_heterocarpa,35.23878306,-114.20109
1342,Pectocarya_heterocarpa,35.23878417,-114.2009861
1343,Pectocarya_penicillata,35.23444306,-114.1961981
1344,Pectocarya_penicillata,35.23449583,-114.1964389
1345,Pectocarya_penicillata,35.23568889,-114.2011689
1346,Pectocarya_penicillata,35.235885,-114.2012039
1347,Pectocarya_penicillata,35.235885,-114.2009511
1348,Pectocarya_penicillata,35.23593194,-114.200925
1349,Pectocarya_penicillata,35.23595694,-114.1969819
1350,Pectocarya_penicillata,35.23596306,-114.2010031
1351,Pectocarya_penicillata,35.23598028,-114.2009461
1352,Pectocarya_penicillata,35.23603611,-114.20097
1353,Pectocarya_penicillata,35.23605417,-114.1967908
1354,Pectocarya_penicillata,35.23756306,-114.1997619
1355,Pectocarya_penicillata,35.23819694,-114.201205
1356,Pectocarya_penicillata,35.23825889,-114.2012542
1357,Pectocarya_penicillata,35.23828611,-114.20129
1358,Pectocarya_penicillata,35.2383,-114.201345
1359,Pectocarya_penicillata,35.23832111,-114.2013619
1360,Pectocarya_penicillata,35.23835083,-114.20137
1361,Pectocarya_penicillata,35.23839306,-114.2013831
1362,Pectocarya_penicillata,35.23840611,-114.2010581
1363,Pectocarya_penicillata,35.238435,-114.2014131
1364,Pectocarya_penicillata,35.23846611,-114.2016969
1365,Pectocarya_penicillata,35.23847083,-114.2016969
1366,Pectocarya_penicillata,35.238655,-114.2011869
1367,Pectocarya_penicillata,35.23865611,-114.2012311
1368,Pectocarya_penicillata,35.23867806,-114.2011008
1369,Pectocarya_penicillata,35.238685,-114.201275
1370,Pectocarya_penicillata,35.23873917,-114.2013692
1371,Pectocarya_penicillata,35.23876,-114.2012019
1372,Pectocarya_penicillata,35.23878,-114.2011911
1373,Pectocarya_penicillata,35.238885,-114.2014742
1374,Peritoma_arborea,35.232295,-115.795991
1375,Perityle_emoryi,35.23451389,-114.1959189
1376,Perityle_emoryi,35.23452806,-114.1957731
1377,Perityle_emoryi,35.23456,-114.1967939
1378,Perityle_emoryi,35.23457306,-114.1959561
1379,Perityle_emoryi,35.234685,-114.1955089
1380,Perityle_emoryi,35.23609389,-114.1968831
1381,Perityle_emoryi,35.23853111,-114.2017489
1382,Phacelia_crenulata,35.23515111,-114.1966331
1383,Phacelia_crenulata,35.23557306,-114.1967789
1384,Phacelia_crenulata,35.23878306,-114.20109
1385,Phacelia_distans,35.23449583,-114.1964389
1386,Phacelia_distans,35.23719806,-114.1993192
1387,Phacelia_rotundifolia,35.23456889,-114.1956661
1388,Phacelia_rotundifolia,35.23542306,-114.2010881
1389,Phacelia_rotundifolia,35.23564417,-114.2011542
1390,Phoradendron_califoricum,35.231959,-115.796381
1391,Physalis_crassifolia,35.23564389,-114.19651
1392,Physalis_crassifolia,35.23580694,-114.1969381
1393,Physaria_tenella,35.23867306,-114.2010381
1394,Plagiobothrys_arizonicus,35.23441611,-114.196225
1395,Plagiobothrys_arizonicus,35.23444389,-114.1960519
1396,Plagiobothrys_arizonicus,35.23448194,-114.1956092
1397,Plagiobothrys_arizonicus,35.23449583,-114.1964389
1398,Plagiobothrys_arizonicus,35.23451389,-114.1959189
1399,Plagiobothrys_arizonicus,35.23452194,-114.1956542
1400,Plagiobothrys_arizonicus,35.23452806,-114.1957731
1401,Plagiobothrys_arizonicus,35.23453472,-114.1960733
1402,Plagiobothrys_arizonicus,35.23454417,-114.195945
1403,Plagiobothrys_arizonicus,35.23464889,-114.1954714
1404,Plagiobothrys_arizonicus,35.23747889,-114.1997269
1405,Plagiobothrys_arizonicus,35.23754389,-114.1997531
1406,Plagiobothrys_arizonicus,35.23756306,-114.1997619
1407,Plagiobothrys_arizonicus,35.23761389,-114.1997958
1408,Plagiobothrys_jonesii,35.2355675,-114.196495
1409,Plagiobothrys_jonesii,35.23561806,-114.1965
1410,Plagiobothrys_jonesii,35.23564389,-114.19651
1411,Plagiobothrys_jonesii,35.23564583,-114.19649
1412,Plagiobothrys_jonesii,35.235685,-114.1965592
1413,Plagiobothrys_jonesii,35.23576889,-114.1970119
1414,Plagiobothrys_jonesii,35.23577917,-114.1964989
1415,Plagiobothrys_jonesii,35.23584306,-114.1971508
1416,Plagiobothrys_jonesii,35.23586194,-114.1968558
1417,Plagiobothrys_jonesii,35.235925,-114.1965519
1418,Plagiobothrys_jonesii,35.23819694,-114.201205
1419,Plagiobothrys_jonesii,35.23825889,-114.2012542
1420,Plagiobothrys_jonesii,35.23828611,-114.20129
1421,Plagiobothrys_jonesii,35.23832111,-114.2013619
1422,Plagiobothrys_jonesii,35.23839306,-114.2013831
1423,Plagiobothrys_jonesii,35.238435,-114.2014131
1424,Plagiobothrys_jonesii,35.23844111,-114.2015811
1425,Plagiobothrys_jonesii,35.23845306,-114.2014161
1426,Plagiobothrys_jonesii,35.23846611,-114.2016969
1427,Plagiobothrys_jonesii,35.23847083,-114.2016969
1428,Plagiobothrys_jonesii,35.23851083,-114.2018461
1429,Plagiobothrys_jonesii,35.23854611,-114.2018681
1430,Plagiobothrys_jonesii,35.23855111,-114.2009561
1431,Plagiobothrys_jonesii,35.238595,-114.20196
1432,Plagiobothrys_jonesii,35.23861,-114.2018981
1433,Plagiobothrys_jonesii,35.23863389,-114.2013669
1434,Plagiobothrys_jonesii,35.23865611,-114.2012311
1435,Plagiobothrys_jonesii,35.238675,-114.20192
1436,Plagiobothrys_jonesii,35.23867806,-114.2011008
1437,Plagiobothrys_jonesii,35.238685,-114.201275
1438,Plagiobothrys_jonesii,35.23870111,-114.2011419
1439,Plagiobothrys_jonesii,35.238715,-114.2011361
1440,Plagiobothrys_jonesii,35.23873917,-114.2013692
1441,Plagiobothrys_jonesii,35.23876,-114.2012019
1442,Plagiobothrys_jonesii,35.23878,-114.2011911
1443,Plagiobothrys_jonesii,35.238885,-114.2014742
1444,Plagiobothrys_jonesii,35.23891889,-114.2014919
1445,Plantago_ovata,35.23542306,-114.2010881
1446,Plantago_ovata,35.23543583,-114.2010881
1447,Plantago_ovata,35.23553,-114.20101
1448,Plantago_ovata,35.23555194,-114.2012519
1449,Plantago_ovata,35.23557917,-114.2010889
1450,Plantago_ovata,35.23564389,-114.2012369
1451,Plantago_ovata,35.23564389,-114.201165
1452,Plantago_ovata,35.23576083,-114.2012369
1453,Plantago_ovata,35.23577111,-114.2010619
1454,Plantago_ovata,35.23580417,-114.2010669
1455,Plantago_ovata,35.23580694,-114.2012081
1456,Plantago_ovata,35.23583806,-114.2011642
1457,Plantago_ovata,35.23584,-114.2010769
1458,Plantago_ovata,35.23588,-114.2011439
1459,Plantago_ovata,35.235885,-114.2012039
1460,Plantago_ovata,35.23590194,-114.2011581
1461,Plantago_ovata,35.23593694,-114.2010419
1462,Plantago_ovata,35.23597694,-114.2009611
1463,Plantago_ovata,35.23607806,-114.201105
1464,Plantago_ovata,35.23612694,-114.2009489
1465,Plantago_ovata,35.23614306,-114.201045
1466,Plantago_ovata,35.23629111,-114.20103
1467,Plantago_ovata,35.23630917,-114.2010589
1468,Plantago_ovata,35.23853694,-114.2016939
1469,Plantago_ovata,35.23856,-114.2018969
1470,Salvia_dorrii,35.234495,-114.1961919
1471,Salvia_dorrii,35.234495,-114.1961919
1472,Salvia_dorrii,35.23449583,-114.1964389
1473,Salvia_dorrii,35.23453389,-114.1964339
1474,Salvia_dorrii,35.23453472,-114.1960733
1475,Salvia_dorrii,35.23764806,-114.199475
1476,Salvia_dorrii,35.23767306,-114.1994981
1477,Schismus_barbatus,35.23747194,-114.199445
1478,Schismus_barbatus,35.23752417,-114.1994361
1479,Schismus_barbatus,35.237555,-114.1994519
1480,Schismus_barbatus,35.23756306,-114.1997619
1481,Schismus_barbatus,35.23757611,-114.1994631
1482,Scutellaria_mexicana,35.23549806,-114.1964719
1483,Scutellaria_mexicana,35.23564389,-114.19651
1484,Scutellaria_mexicana,35.235685,-114.1965592
1485,Scutellaria_mexicana,35.23596111,-114.1970619
1486,Scutellaria_mexicana,35.23725806,-114.1992681
1487,Senegalia_gregii,35.231876,-115.796793
1488,Senegalia_gregii,35.231959,-115.796381
1489,Solidago_juliae,35.2355675,-114.196495
1490,Solidago_juliae,35.23561111,-114.1964839
1491,Solidago_juliae,35.23561806,-114.1965
1492,Solidago_juliae,35.23571,-114.1964731
1493,Solidago_juliae,35.23577889,-114.1964869
1494,Solidago_juliae,35.23577917,-114.1964989
1495,Solidago_juliae,35.23585389,-114.1965869
1496,Solidago_juliae,35.235885,-114.1965119
1497,Solidago_juliae,35.23604389,-114.1967319
1498,Solidago_juliae,35.23609389,-114.1968831
1499,Solidago_juliae,35.23620111,-114.1969569
1500,Solidago_juliae,35.23846611,-114.2016969
1501,Sphaeralcea_ambigua,35.232145,-115.796246
1502,Sphaeralcea_ambigua,35.23225,-115.796519
1503,Sphaeralcea_ambigua,35.232295,-115.795991
1504,Sphaeralcea_ambigua,35.232302,-115.796511
1505,Sphaeralcea_ambigua,35.232352,-115.796493
1506,Sphaeralcea_ambigua,35.232412,-115.796507
1507,Sphaeralcea_ambigua,35.232439,-115.796303
1508,Sphaeralcea_ambigua,35.232484,-115.796482
1509,Sphaeralcea_ambigua,35.232554,-115.795856
1510,Sphaeralcea_ambigua,35.232562,-115.796628
1511,Sphaeralcea_ambigua,35.236161,-115.802222
1512,Sphaeralcea_ambigua,35.236162,-115.802235
1513,Sphaeralcea_ambigua,35.236162,-115.802094
1514,Sphaeralcea_ambigua,35.236165,-115.802236
1515,Sphaeralcea_ambigua,35.236191,-115.802075
1516,Sphaeralcea_ambigua,35.236201,-115.80199
1517,Sphaeralcea_ambigua,35.23447889,-114.19636
1518,Sphaeralcea_ambigua,35.234555,-114.1954689
1519,Sphaeralcea_ambigua,35.23456889,-114.1956661
1520,Sphaeralcea_ambigua,35.234685,-114.1955089
1521,Sphaeralcea_ambigua,35.23471083,-114.195495
1522,Sphaeralcea_ambigua,35.23472,-114.1955161
1523,Sphaeralcea_ambigua,35.23507111,-114.1969161
1524,Sphaeralcea_ambigua,35.23513611,-114.1965961
1525,Sphaeralcea_ambigua,35.23519194,-114.1965831
1526,Sphaeralcea_ambigua,35.23520889,-114.1966581
1527,Sphaeralcea_ambigua,35.23541,-114.2012081
1528,Sphaeralcea_ambigua,35.23553583,-114.19658
1529,Sphaeralcea_ambigua,35.235585,-114.1965389
1530,Sphaeralcea_ambigua,35.23561806,-114.1965
1531,Sphaeralcea_ambigua,35.23564389,-114.19651
1532,Sphaeralcea_ambigua,35.23566,-114.1966419
1533,Sphaeralcea_ambigua,35.235685,-114.1965592
1534,Sphaeralcea_ambigua,35.23574306,-114.1965681
1535,Sphaeralcea_ambigua,35.23576889,-114.1970119
1536,Sphaeralcea_ambigua,35.23577889,-114.1964869
1537,Sphaeralcea_ambigua,35.2358,-114.196545
1538,Sphaeralcea_ambigua,35.23580694,-114.1969381
1539,Sphaeralcea_ambigua,35.23581417,-114.1966808
1540,Sphaeralcea_ambigua,35.23584306,-114.1971508
1541,Sphaeralcea_ambigua,35.23584389,-114.1970911
1542,Sphaeralcea_ambigua,35.23585389,-114.1965869
1543,Sphaeralcea_ambigua,35.23586194,-114.1968558
1544,Sphaeralcea_ambigua,35.235955,-114.196825
1545,Sphaeralcea_ambigua,35.23595694,-114.1969819
1546,Sphaeralcea_ambigua,35.23597694,-114.2009611
1547,Sphaeralcea_ambigua,35.23605417,-114.1967908
1548,Sphaeralcea_ambigua,35.23609389,-114.1968831
1549,Sphaeralcea_ambigua,35.23612,-114.19659
1550,Sphaeralcea_ambigua,35.23615889,-114.1979139
1551,Sphaeralcea_ambigua,35.23616806,-114.1970739
1552,Sphaeralcea_ambigua,35.23621694,-114.1967039
1553,Sphaeralcea_ambigua,35.23630917,-114.2010589
1554,Sphaeralcea_ambigua,35.236685,-114.2025811
1555,Sphaeralcea_ambigua,35.23724111,-114.1993031
1556,Sphaeralcea_ambigua,35.23724417,-114.1992681
1557,Sphaeralcea_ambigua,35.237255,-114.1992531
1558,Sphaeralcea_ambigua,35.23725806,-114.1992681
1559,Sphaeralcea_ambigua,35.23840611,-114.2016642
1560,Sphaeralcea_ambigua,35.23885194,-114.2014431
1561,Stylocline_micropoides,35.23542306,-114.2010881
1562,Stylocline_micropoides,35.23555194,-114.2012519
1563,Stylocline_micropoides,35.23564389,-114.201165
1564,Stylocline_micropoides,35.23564417,-114.2011542
1565,Stylocline_micropoides,35.23568889,-114.2011689
1566,Stylocline_micropoides,35.23570694,-114.20106
1567,Stylocline_micropoides,35.23576083,-114.2012369
1568,Stylocline_micropoides,35.2358,-114.196545
1569,Stylocline_micropoides,35.23580694,-114.2012081
1570,Stylocline_micropoides,35.23584,-114.2010769
1571,Stylocline_micropoides,35.23585,-114.2010181
1572,Stylocline_micropoides,35.23597694,-114.2009611
1573,Stylocline_micropoides,35.23603611,-114.20097
1574,Stylocline_micropoides,35.23607806,-114.201105
1575,Stylocline_micropoides,35.23608194,-114.2009439
1576,Stylocline_micropoides,35.23612694,-114.2009489
1577,Stylocline_micropoides,35.23825889,-114.2012542
1578,Stylocline_micropoides,35.238435,-114.2014131
1579,Stylocline_micropoides,35.23846611,-114.2016969
1580,Stylocline_micropoides,35.23847083,-114.2016969
1581,Stylocline_micropoides,35.23847083,-114.201435
1582,Stylocline_micropoides,35.23857194,-114.2018439
1583,Stylocline_micropoides,35.238655,-114.2011869
1584,Stylocline_micropoides,35.238675,-114.20192
1585,Stylocline_micropoides,35.23878,-114.2011911
1586,Stylocline_micropoides,35.23878417,-114.2009861
1587,Tetraneuris_acaulis,35.23451194,-114.1957639
1588,Tidestromia_suffruticosa,35.23182,-115.796439
1589,Tidestromia_suffruticosa,35.231931,-115.796745
1590,Tidestromia_suffruticosa,35.231985,-115.796931
1591,Tidestromia_suffruticosa,35.232145,-115.796246
1592,Tidestromia_suffruticosa,35.232159,-115.796516
1593,Tidestromia_suffruticosa,35.232173,-115.796108
1594,Tidestromia_suffruticosa,35.232186,-115.796399
1595,Tidestromia_suffruticosa,35.23219,-115.796098
1596,Tidestromia_suffruticosa,35.232295,-115.795991
1597,Tidestromia_suffruticosa,35.23460306,-114.1968219
1598,Uropappus_lindleyi,35.23577917,-114.1964989
1599,Uropappus_lindleyi,35.23609389,-114.1968831
1600,Yucca_schidigera,35.231778,-115.796885
1601,Yucca_schidigera,35.231783,-115.793979
1602,Yucca_schidigera,35.23183,-115.79458
1603,Yucca_schidigera,35.23183,-115.79458
1604,Yucca_schidigera,35.231832,-115.793838
1605,Yucca_schidigera,35.231849,-115.794288
1606,Yucca_schidigera,35.231849,-115.794288
1607,Yucca_schidigera,35.231859,-115.795887
1608,Yucca_schidigera,35.231957,-115.79388
1609,Yucca_schidigera,35.231963,-115.793695
1610,Yucca_schidigera,35.231971,-115.794542
1611,Yucca_schidigera,35.231975,-115.796132
1612,Yucca_schidigera,35.232029,-115.793579
1613,Yucca_schidigera,35.23204,-115.794652
1614,Yucca_schidigera,35.232051,-115.794649
1615,Yucca_schidigera,35.23206,-115.794528
1616,Yucca_schidigera,35.232065,-115.795825
1617,Yucca_schidigera,35.232151,35.232151
1618,Yucca_schidigera,35.232161,-115.793744
1619,Yucca_schidigera,35.232175,-115.793867
1620,Yucca_schidigera,35.232207,-115.79405
1621,Yucca_schidigera,35.23226,-115.7942
1622,Yucca_schidigera,35.232264,-115.793696
1623,Yucca_schidigera,35.232275,-115.793916
1624,Yucca_schidigera,35.232301,-115.796316
1625,Yucca_schidigera,35.23237,-115.793655
1626,Yucca_schidigera,35.232387,-115.796661
1627,Yucca_schidigera,35.232411,-115.794023
1628,Yucca_schidigera,35.232494,-115.793669
1629,Yucca_schidigera,35.232554,-115.795856
1630,Yucca_schidigera,35.235391,-115.802066
1631,Yucca_schidigera,35.235397,-115.802107
1632,Yucca_schidigera,35.235421,-115.802287
1633,Yucca_schidigera,35.235543,-115.801871
1634,Yucca_schidigera,35.23559,-115.801802
1635,Yucca_schidigera,35.235763,-115.802264
1636,Yucca_schidigera,35.235775,-115.802067
1637,Yucca_schidigera,35.235776,-115.802239
1638,Yucca_schidigera,35.236034,-115.801695
1639,Yucca_schidigera,35.236191,-115.802075
1640,Yucca_schidigera,35.23448194,-114.1956092
1641,Yucca_schidigera,35.23468111,-114.1971319
1642,Yucca_schidigera,35.23471083,-114.195495
1643,Yucca_schidigera,35.23522,-114.1967119
1644,Yucca_schidigera,35.23527083,-114.1970469
1645,Yucca_schidigera,35.23546306,-114.1969931
1646,Yucca_schidigera,35.23572889,-114.1969619
1647,Yucca_schidigera,35.23577611,-114.1979758
1648,Yucca_schidigera,35.23594389,-114.1978361
1649,Yucca_schidigera,35.23605417,-114.1967908
1650,Yucca_schidigera,35.23728194,-114.1992419
1651,Yucca_schidigera,35.23762194,-114.199805
1652,Yucca_schidigera,35.238645,-114.2019219
1653,Yucca_schidigera,35.23875889,-114.201355
1654,Yucca_schidigera,35.23885194,-114.2014431
1655,Yucca_schidigera,35.23891889,-114.2014919